gen 	nevals	avg     	std      	min   	max   
0   	200   	-411.708	353.252  	-1000 	-164.8
1   	200   	-223.698	136.55   	-1000 	-164.8
2   	200   	-203.698	56.513   	-1000 	-164.8
3   	200   	-203.619	56.5217  	-1000 	-164.8
4   	200   	-199.517	2.87865  	-200  	-164.8
5   	200   	-199.199	3.80468  	-200  	-164.8
6   	200   	-198.934	4.31816  	-200  	-164.8
7   	200   	-198.776	4.5582   	-200  	-164.8
8   	200   	-198.509	4.82331  	-200  	-164.8
9   	200   	-198.278	4.9822   	-200  	-164.8
10  	200   	-197.519	7.09957  	-200  	-140.9
11  	200   	-197.149	7.23393  	-200  	-140.9
12  	200   	-196.817	7.44594  	-200  	-140.9
13  	200   	-195.732	9.37554  	-200  	-140.9
14  	200   	-195.181	9.91681  	-200  	-140.9
15  	200   	-194.195	10.84    	-200  	-140.9
16  	200   	-193.422	11.4829  	-200  	-140.9
17  	200   	-192.268	12.6138  	-200  	-140.9
18  	200   	-190.782	13.834   	-200  	-140.9
19  	200   	-190.248	13.871   	-200  	-140.9
20  	200   	-189.231	14.5486  	-200  	-140.7
21  	200   	-188.308	15.7189  	-200  	-130.3
22  	200   	-187.708	15.8535  	-200  	-130.3
23  	200   	-187.04 	16.0862  	-200  	-130.3
24  	200   	-185.773	16.3661  	-200  	-130.3
25  	200   	-184.423	16.8992  	-200  	-125.5
26  	200   	-183.419	17.2857  	-200  	-125.5
27  	200   	-182.269	17.5064  	-200  	-125.5
28  	200   	-181.132	17.7491  	-200  	-125.5
29  	200   	-179.889	18.0059  	-200  	-125.5
30  	200   	-179.321	17.899   	-200  	-125.5
31  	200   	-178.098	18.1589  	-200  	-125.5
32  	200   	-177.206	18.2879  	-200  	-125.5
33  	200   	-176.477	18.4699  	-200  	-125.5
34  	200   	-175.739	18.4764  	-200  	-125.5
35  	200   	-174.588	18.7869  	-200  	-125.5
36  	200   	-173.901	18.5519  	-200  	-125.5
37  	200   	-173.03 	18.5968  	-200  	-125.5
38  	200   	-172.492	18.5838  	-200  	-125.5
39  	200   	-171.216	18.7892  	-200  	-125.5
40  	200   	-170.81 	18.726   	-200  	-125.5
41  	200   	-169.874	18.7195  	-200  	-125.5
42  	200   	-169.223	18.4792  	-200  	-125.5
43  	200   	-168.828	18.3963  	-200  	-125.5
44  	200   	-168.388	18.4552  	-200  	-125.5
45  	200   	-168.055	18.263   	-200  	-125.5
46  	200   	-167.058	18.2462  	-200  	-125.5
47  	200   	-166.282	18.3505  	-200  	-125.5
48  	200   	-165.776	18.5092  	-200  	-125.5
49  	200   	-164.583	17.8519  	-198.6	-125.5
50  	200   	-164.215	17.6285  	-198.6	-125.5
51  	200   	-163.441	17.6459  	-198.6	-125.5
52  	200   	-163.153	17.4795  	-197.8	-125.5
53  	200   	-162.697	17.4582  	-197.8	-125.5
54  	200   	-162.405	17.3424  	-197.8	-125.5
55  	200   	-161.887	17.113   	-197.8	-125.5
56  	200   	-161.052	16.6156  	-197.8	-125.5
57  	200   	-160.478	16.6068  	-197.8	-125.5
58  	200   	-159.727	16.6322  	-194.5	-125.5
59  	200   	-159.672	16.5353  	-194.5	-125.5
60  	200   	-159.572	16.5957  	-194.5	-125.5
61  	200   	-159.525	16.5365  	-194.5	-125.5
62  	200   	-159.084	16.4181  	-194.5	-125.5
63  	200   	-158.901	16.3688  	-194.5	-125.5
64  	200   	-158.545	16.1128  	-194.5	-125.5
65  	200   	-158.238	15.9619  	-194.5	-125.5
66  	200   	-157.815	16.0191  	-194.5	-125.5
67  	200   	-157.155	16.0154  	-194.5	-125.5
68  	200   	-156.452	15.6396  	-194.5	-125.5
69  	200   	-155.88 	15.2905  	-194.5	-125.5
70  	200   	-155.512	15.2771  	-193.2	-125.5
71  	200   	-155.139	15.188   	-193.2	-125.5
72  	200   	-155.097	15.1657  	-193.2	-125.5
73  	200   	-155    	15.2365  	-193.2	-125.5
74  	200   	-154.556	14.8239  	-193.2	-125.5
75  	200   	-154.513	14.837   	-193.2	-125.5
76  	200   	-154.208	14.7115  	-193.2	-125.5
77  	200   	-153.894	14.7543  	-193.2	-125.5
78  	200   	-153.885	14.7517  	-193.2	-125.5
79  	200   	-153.243	14.5506  	-193.2	-125.5
80  	200   	-152.71 	14.0744  	-193.2	-125.5
81  	200   	-152.002	13.993   	-193.2	-125.5
82  	200   	-151.722	13.7234  	-190.4	-125.5
83  	200   	-151.502	13.8213  	-190.4	-125.5
84  	200   	-151.314	13.7755  	-190.4	-125.5
85  	200   	-150.934	13.7075  	-190.4	-125.2
86  	200   	-150.588	13.4729  	-190.4	-125.2
87  	200   	-150.306	13.2789  	-190.4	-125.2
88  	200   	-150.218	13.1174  	-190.4	-125.2
89  	200   	-149.883	13.1404  	-190.4	-125.2
90  	200   	-149.742	13.2067  	-190.4	-125.2
91  	200   	-149.488	13.0191  	-190.4	-125.2
92  	200   	-149.035	12.8648  	-190.4	-125.2
93  	200   	-148.619	12.4863  	-183.6	-125.2
94  	200   	-148.479	12.5665  	-183.6	-125.2
95  	200   	-148.227	12.5137  	-183.6	-125.2
96  	200   	-147.993	12.398   	-183.6	-125.2
97  	200   	-147.817	12.5454  	-183.6	-125.2
98  	200   	-147.267	12.1008  	-181.9	-125.2
99  	200   	-147.267	12.1008  	-181.9	-125.2
100 	200   	-147.025	12.1017  	-181.9	-125.2
101 	200   	-146.885	12.1414  	-181.9	-125.2
102 	200   	-146.769	12.005   	-181.9	-125.2
103 	200   	-146.635	11.956   	-181.9	-125.2
104 	200   	-146.533	11.9834  	-181.9	-125.2
105 	200   	-146.434	11.9741  	-181.9	-125.2
106 	200   	-146.048	11.8532  	-181.9	-125.2
107 	200   	-145.812	11.9258  	-181.9	-125.2
108 	200   	-145.785	11.9208  	-181.9	-125.2
109 	200   	-145.308	11.8951  	-181.9	-125.2
110 	200   	-145.188	11.9258  	-181.9	-125.2
111 	200   	-145.167	11.9259  	-181.9	-125.2
112 	200   	-145.145	11.9297  	-181.9	-125.2
113 	200   	-145.103	11.972   	-181.9	-125.2
114 	200   	-144.863	11.9756  	-181.9	-125.2
115 	200   	-144.846	11.9674  	-181.9	-125.2
116 	200   	-144.428	11.6833  	-177.6	-125.2
117 	200   	-144.271	11.586   	-177.6	-125.2
118 	200   	-144.083	11.6718  	-177.6	-125.2
119 	200   	-143.953	11.6161  	-177.6	-125.2
120 	200   	-143.727	11.5385  	-177.6	-125.2
121 	200   	-143.727	11.5385  	-177.6	-125.2
122 	200   	-143.727	11.5385  	-177.6	-125.2
123 	200   	-143.727	11.5385  	-177.6	-125.2
124 	200   	-143.653	11.5072  	-177.6	-125.2
125 	200   	-143.615	11.4658  	-177.6	-125.2
126 	200   	-143.427	11.4872  	-177.6	-125.2
127 	200   	-143.335	11.4369  	-177.6	-125.2
128 	200   	-143.137	11.1834  	-176.9	-125.2
129 	200   	-142.824	11.1754  	-176.9	-125.2
130 	200   	-142.784	11.2076  	-176.9	-125.2
131 	200   	-142.624	11.1696  	-176.9	-125.2
132 	200   	-142.427	11.0584  	-176.9	-125.2
133 	200   	-142.229	10.9074  	-176.9	-125.2
134 	200   	-142.207	10.8897  	-176.9	-125.2
135 	200   	-141.984	10.854   	-176.9	-125.2
136 	200   	-141.87 	10.826   	-176.9	-125.2
137 	200   	-141.69 	10.7225  	-176.9	-125.2
138 	200   	-141.641	10.7493  	-176.9	-125.2
139 	200   	-141.537	10.7125  	-176.9	-125.2
140 	200   	-141.503	10.693   	-176.9	-125.2
141 	200   	-141.067	10.4558  	-176.9	-125.2
142 	200   	-140.799	10.3895  	-176.9	-125.2
143 	200   	-140.657	10.2557  	-170.6	-125.2
144 	200   	-140.657	10.2557  	-170.6	-125.2
145 	200   	-140.657	10.2559  	-170.6	-125.2
146 	200   	-140.607	10.3052  	-170.6	-125.2
147 	200   	-140.607	10.3052  	-170.6	-125.2
148 	200   	-140.607	10.3052  	-170.6	-125.2
149 	200   	-140.57 	10.2412  	-170.6	-125.2
150 	200   	-140.472	10.2162  	-170.6	-125.2
151 	200   	-140.472	10.2162  	-170.6	-125.2
152 	200   	-140.428	10.1997  	-170.6	-125.2
153 	200   	-140.317	10.177   	-170.6	-125.2
154 	200   	-140.228	10.2189  	-170.6	-125.2
155 	200   	-140.182	10.2439  	-170.6	-125.2
156 	200   	-140.182	10.2439  	-170.6	-125.2
157 	200   	-140.123	10.2695  	-170.6	-125.2
158 	200   	-140.065	10.319   	-170.6	-125.2
159 	200   	-139.796	10.3793  	-170.6	-120.9
160 	200   	-139.796	10.3793  	-170.6	-120.9
161 	200   	-139.758	10.3684  	-170.6	-120.9
162 	200   	-139.614	10.2638  	-169.4	-120.9
163 	200   	-139.493	10.2759  	-169.4	-120.9
164 	200   	-139.493	10.2759  	-169.4	-120.9
165 	200   	-139.389	10.1988  	-169.4	-120.9
166 	200   	-139.351	10.183   	-169.4	-120.9
167 	200   	-139.184	10.0171  	-169.4	-120.9
168 	200   	-138.984	9.9937   	-169.4	-120.9
169 	200   	-138.846	10.057   	-169.4	-120.9
170 	200   	-138.833	10.0407  	-169.4	-120.9
171 	200   	-138.72 	10.0006  	-169.4	-120.9
172 	200   	-138.686	10.0065  	-169.4	-120.9
173 	200   	-138.609	10.0477  	-169.4	-120.9
174 	200   	-138.451	9.87392  	-169.4	-120.9
175 	200   	-138.403	9.75964  	-169.4	-120.9
176 	200   	-138.403	9.75964  	-169.4	-120.9
177 	200   	-138.191	9.72729  	-169.4	-120.9
178 	200   	-138.085	9.81393  	-169.4	-120.9
179 	200   	-138.084	9.81379  	-169.4	-120.9
180 	200   	-138.072	9.8003   	-169.4	-120.9
181 	200   	-137.834	9.63573  	-169.4	-120.9
182 	200   	-137.822	9.64334  	-169.4	-120.9
183 	200   	-137.514	9.60354  	-169.4	-120.9
184 	200   	-137.44 	9.59387  	-169.4	-120.9
185 	200   	-137.26 	9.62934  	-169.4	-120.9
186 	200   	-137.153	9.69784  	-169.4	-120.9
187 	200   	-137.048	9.76173  	-169.4	-120.9
188 	200   	-137.019	9.77398  	-169.4	-120.9
189 	200   	-136.818	9.52546  	-169.4	-120.9
190 	200   	-136.818	9.52546  	-169.4	-120.9
191 	200   	-136.818	9.52546  	-169.4	-120.9
192 	200   	-136.818	9.52546  	-169.4	-120.9
193 	200   	-136.615	9.39454  	-169.4	-120.9
194 	200   	-136.5  	9.38912  	-169.4	-120.9
195 	200   	-136.497	9.38912  	-169.4	-120.9
196 	200   	-136.497	9.38912  	-169.4	-120.9
197 	200   	-136.429	9.36546  	-169.4	-120.9
198 	200   	-136.397	9.36117  	-169.4	-120.9
199 	200   	-136.324	9.38267  	-169.4	-120.9
200 	200   	-136.176	9.23996  	-169.4	-120.9
201 	200   	-136.041	9.11263  	-169.4	-120.9
202 	200   	-136.041	9.11263  	-169.4	-120.9
203 	200   	-135.996	9.08022  	-169.4	-120.9
204 	200   	-135.787	9.16068  	-169.4	-120.9
205 	200   	-135.692	9.19265  	-169.4	-120.9
206 	200   	-135.692	9.19265  	-169.4	-120.9
207 	200   	-135.663	9.1992   	-169.4	-120.9
208 	200   	-135.662	9.19874  	-169.4	-120.9
209 	200   	-135.611	9.20132  	-169.4	-120.9
210 	200   	-135.604	9.19798  	-169.4	-120.9
211 	200   	-135.567	9.1921   	-169.4	-120.9
212 	200   	-135.556	9.20544  	-169.4	-120.9
213 	200   	-135.483	9.22801  	-169.4	-120.9
214 	200   	-135.418	9.2061   	-169.4	-120.9
215 	200   	-135.418	9.2061   	-169.4	-120.9
216 	200   	-135.343	9.22547  	-169.4	-120.9
217 	200   	-135.343	9.22547  	-169.4	-120.9
218 	200   	-135.281	9.21186  	-169.4	-120.9
219 	200   	-135.114	9.0766   	-169.4	-120.9
220 	200   	-135.114	9.07668  	-169.4	-120.9
221 	200   	-135.1  	9.08307  	-169.4	-120.9
222 	200   	-135.018	8.84393  	-162.5	-120.9
223 	200   	-134.829	8.86929  	-162.5	-120.9
224 	200   	-134.799	8.86229  	-162.5	-120.9
225 	200   	-134.799	8.86229  	-162.5	-120.9
226 	200   	-134.648	8.76038  	-162.5	-120.9
227 	200   	-134.648	8.76038  	-162.5	-120.9
228 	200   	-134.648	8.76038  	-162.5	-120.9
229 	200   	-134.542	8.78474  	-162.5	-120.9
230 	200   	-134.522	8.80142  	-162.5	-120.9
231 	200   	-134.182	8.63894  	-162.5	-120.9
232 	200   	-134.125	8.66313  	-162.5	-120.9
233 	200   	-134.125	8.66313  	-162.5	-120.9
234 	200   	-134.125	8.66313  	-162.5	-120.9
235 	200   	-134.013	8.62866  	-162.5	-120.9
236 	200   	-133.76 	8.5579   	-162.5	-120.9
237 	200   	-133.637	8.48637  	-162.5	-120.9
238 	200   	-133.484	8.38542  	-162.5	-120.9
239 	200   	-133.478	8.38562  	-162.5	-120.9
240 	200   	-133.478	8.38562  	-162.5	-120.9
241 	200   	-133.448	8.40429  	-162.5	-120.9
242 	200   	-133.373	8.40663  	-162.5	-120.9
243 	200   	-133.363	8.40724  	-162.5	-120.9
244 	200   	-133.282	8.40607  	-162.5	-120.9
245 	200   	-133.21 	8.41075  	-162.5	-120.9
246 	200   	-133.119	8.31576  	-162.5	-120.9
247 	200   	-133.119	8.31576  	-162.5	-120.9
248 	200   	-133.011	8.24188  	-162.5	-120.9
249 	200   	-132.99 	8.23015  	-162.5	-120.9
250 	200   	-132.892	8.25279  	-162.5	-120.9
251 	200   	-132.892	8.25279  	-162.5	-120.9
252 	200   	-132.892	8.25279  	-162.5	-120.9
253 	200   	-132.669	8.36181  	-162.5	-116.9
254 	200   	-132.413	8.25952  	-162.5	-116.9
255 	200   	-132.377	8.27389  	-162.5	-116.9
256 	200   	-132.377	8.27389  	-162.5	-116.9
257 	200   	-132.371	8.26219  	-162.5	-116.9
258 	200   	-132.371	8.26219  	-162.5	-116.9
259 	200   	-132.371	8.26219  	-162.5	-116.9
260 	200   	-132.322	8.25138  	-162.5	-116.9
261 	200   	-132.167	8.10581  	-162.5	-116.9
262 	200   	-132.092	8.10331  	-162.5	-116.9
263 	200   	-131.95 	8.10702  	-162.5	-116.9
264 	200   	-131.835	8.0268   	-162.5	-116.9
265 	200   	-131.835	8.0268   	-162.5	-116.9
266 	200   	-131.718	7.95307  	-162.5	-116.9
267 	200   	-131.718	7.95307  	-162.5	-116.9
268 	200   	-131.569	7.92459  	-162.5	-116.9
269 	200   	-131.569	7.92459  	-162.5	-116.9
270 	200   	-131.569	7.92459  	-162.5	-116.9
271 	200   	-131.569	7.92459  	-162.5	-116.9
272 	200   	-131.558	7.93147  	-162.5	-116.9
273 	200   	-131.558	7.93147  	-162.5	-116.9
274 	200   	-131.558	7.93147  	-162.5	-116.9
275 	200   	-131.386	7.71351  	-156.7	-116.9
276 	200   	-131.386	7.71351  	-156.7	-116.9
277 	200   	-131.21 	7.59587  	-156.7	-116.9
278 	200   	-131.201	7.58544  	-156.7	-116.9
279 	200   	-131.201	7.58544  	-156.7	-116.9
280 	200   	-131.018	7.66004  	-156.7	-115.9
281 	200   	-131.018	7.66004  	-156.7	-115.9
282 	200   	-131.018	7.66004  	-156.7	-115.9
283 	200   	-131.018	7.66004  	-156.7	-115.9
284 	200   	-131.018	7.66004  	-156.7	-115.9
285 	200   	-130.85 	7.37759  	-156.7	-115.9
286 	200   	-130.844	7.38278  	-156.7	-115.9
287 	200   	-130.826	7.39151  	-156.7	-115.9
288 	200   	-130.622	7.16711  	-156.7	-115.9
289 	200   	-130.572	7.16813  	-156.7	-115.9
290 	200   	-130.509	7.14142  	-156.7	-115.9
291 	200   	-130.377	7.20844  	-156.7	-113.6
292 	200   	-130.34 	7.21456  	-156.7	-113.6
293 	200   	-130.34 	7.21458  	-156.7	-113.6
294 	200   	-130.34 	7.21458  	-156.7	-113.6
295 	200   	-130.27 	7.15874  	-156.7	-113.6
296 	200   	-130.186	7.16605  	-156.7	-113.6
297 	200   	-130.186	7.16605  	-156.7	-113.6
298 	200   	-130.167	7.14385  	-156.7	-113.6
299 	200   	-130.162	7.14726  	-156.7	-113.6
300 	200   	-130.162	7.14726  	-156.7	-113.6
301 	200   	-130.162	7.14726  	-156.7	-113.6
302 	200   	-130.14 	7.15658  	-156.7	-113.6
303 	200   	-130.07 	7.14256  	-156.7	-113.6
304 	200   	-130.07 	7.14256  	-156.7	-113.6
305 	200   	-129.983	7.09155  	-156.7	-113.6
306 	200   	-129.932	7.05978  	-156.7	-113.6
307 	200   	-129.932	7.05978  	-156.7	-113.6
308 	200   	-129.867	7.04847  	-156.7	-113.6
309 	200   	-129.867	7.04847  	-156.7	-113.6
310 	200   	-129.811	7.00597  	-156.7	-113.6
311 	200   	-129.701	6.9827   	-156.7	-113.6
312 	200   	-129.698	6.97878  	-156.7	-113.6
313 	200   	-129.582	7.02086  	-156.7	-113.6
314 	200   	-129.532	7.0313   	-156.7	-113.6
315 	200   	-129.532	7.0313   	-156.7	-113.6
316 	200   	-129.532	7.0313   	-156.7	-113.6
317 	200   	-129.532	7.0313   	-156.7	-113.6
318 	200   	-129.508	7.05381  	-156.7	-113.6
319 	200   	-129.508	7.05381  	-156.7	-113.6
320 	200   	-129.468	7.06507  	-156.7	-113.6
321 	200   	-129.441	7.07108  	-156.7	-113.6
322 	200   	-129.385	7.02433  	-156.7	-113.6
323 	200   	-129.385	7.02433  	-156.7	-113.6
324 	200   	-129.35 	7.02617  	-156.7	-113.6
325 	200   	-129.327	7.0312   	-156.7	-113.6
326 	200   	-129.308	7.04607  	-156.7	-113.6
327 	200   	-129.202	6.92399  	-156.7	-113.6
328 	200   	-129.094	6.88834  	-156.7	-113.6
329 	200   	-129.088	6.89111  	-156.7	-113.6
330 	200   	-129.016	6.85288  	-156.7	-113.6
331 	200   	-129.016	6.85288  	-156.7	-113.6
332 	200   	-129.016	6.85288  	-156.7	-113.6
333 	200   	-128.979	6.85207  	-156.7	-113.6
334 	200   	-128.798	6.69616  	-156.7	-113.6
335 	200   	-128.798	6.69616  	-156.7	-113.6
336 	200   	-128.661	6.57703  	-156.7	-113.6
337 	200   	-128.652	6.53979  	-154.9	-113.6
338 	200   	-128.594	6.62133  	-154.9	-113.6
339 	200   	-128.594	6.62133  	-154.9	-113.6
340 	200   	-128.54 	6.60343  	-154.9	-113.6
341 	200   	-128.392	6.33758  	-154.9	-113.6
342 	200   	-128.25 	6.39375  	-154.9	-111.7
343 	200   	-128.173	6.35288  	-154.9	-111.7
344 	200   	-128.161	6.35565  	-154.9	-111.7
345 	200   	-128.161	6.35565  	-154.9	-111.7
346 	200   	-128.09 	6.45901  	-154.9	-111.7
347 	200   	-127.962	6.32024  	-154.9	-111.7
348 	200   	-127.884	6.25562  	-154.9	-111.7
349 	200   	-127.88 	6.24768  	-154.9	-111.7
350 	200   	-127.88 	6.24768  	-154.9	-111.7
351 	200   	-127.862	6.21872  	-154.9	-111.7
352 	200   	-127.561	5.96244  	-151  	-111.7
353 	200   	-127.492	6.06486  	-151  	-111.7
354 	200   	-127.49 	6.06555  	-151  	-111.7
355 	200   	-127.49 	6.06555  	-151  	-111.7
356 	200   	-127.471	6.05823  	-151  	-111.7
357 	200   	-127.355	6.12593  	-151  	-111.7
358 	200   	-127.332	6.11503  	-151  	-111.7
359 	200   	-127.332	6.11503  	-151  	-111.7
360 	200   	-127.328	6.11612  	-151  	-111.7
361 	200   	-127.328	6.11612  	-151  	-111.7
362 	200   	-127.096	6.21037  	-151  	-111.7
363 	200   	-126.982	6.28166  	-151  	-111.7
364 	200   	-126.958	6.26644  	-151  	-111.7
365 	200   	-126.897	6.18322  	-151  	-111.7
366 	200   	-126.897	6.18322  	-151  	-111.7
367 	200   	-126.739	5.93727  	-148.8	-111.7
368 	200   	-126.716	5.93282  	-148.8	-111.7
369 	200   	-126.713	5.93329  	-148.8	-111.7
370 	200   	-126.648	6.00493  	-148.8	-111.7
371 	200   	-126.512	6.1853   	-148.8	-111.7
372 	200   	-126.512	6.1853   	-148.8	-111.7
373 	200   	-126.502	6.20654  	-148.8	-111.7
374 	200   	-126.433	6.2934   	-148.8	-111.7
375 	200   	-126.433	6.2934   	-148.8	-111.7
376 	200   	-126.433	6.2934   	-148.8	-111.7
377 	200   	-126.373	6.35793  	-148.8	-111.7
378 	200   	-126.265	6.42302  	-148.8	-111.7
379 	200   	-126.249	6.41121  	-148.8	-111.7
380 	200   	-126.111	6.57238  	-148.8	-111.7
381 	200   	-126.092	6.56887  	-148.8	-111.7
382 	200   	-126.022	6.64678  	-148.8	-111.7
383 	200   	-126.006	6.65244  	-148.8	-111.7
384 	200   	-125.936	6.72846  	-148.8	-111.7
385 	200   	-125.68 	6.93142  	-148.8	-111.7
386 	200   	-125.503	6.962    	-148.8	-111.7
387 	200   	-125.503	6.962    	-148.8	-111.7
388 	200   	-125.393	6.82214  	-148.8	-111.7
389 	200   	-125.228	6.79917  	-148.8	-111.7
390 	200   	-125.09 	6.93102  	-148.8	-111.7
391 	200   	-125.061	6.92524  	-148.8	-111.7
392 	200   	-125.061	6.92524  	-148.8	-111.7
393 	200   	-124.906	6.85003  	-148.8	-111.7
394 	200   	-124.767	6.9388   	-148.8	-111.7
395 	200   	-124.698	6.99952  	-148.8	-111.7
396 	200   	-124.692	6.99817  	-148.8	-111.7
397 	200   	-124.629	6.97919  	-148.8	-111.7
398 	200   	-124.541	7.03083  	-148.8	-111.7
399 	200   	-124.541	7.03083  	-148.8	-111.7
400 	200   	-124.482	7.07269  	-148.8	-111.7
401 	200   	-124.475	7.05926  	-148.8	-111.7
402 	200   	-124.404	7.11658  	-148.8	-111.7
403 	200   	-124.287	6.90379  	-144.5	-111.7
404 	200   	-124.287	6.90379  	-144.5	-111.7
405 	200   	-124.286	6.90242  	-144.5	-111.7
406 	200   	-124.286	6.90242  	-144.5	-111.7
407 	200   	-124.198	6.91833  	-144.5	-111.7
408 	200   	-124.08 	6.76971  	-144.1	-111.7
409 	200   	-124.08 	6.76971  	-144.1	-111.7
410 	200   	-124.08 	6.76971  	-144.1	-111.7
411 	200   	-124.011	6.82499  	-144.1	-111.7
412 	200   	-123.942	6.87913  	-144.1	-111.7
413 	200   	-123.925	6.87045  	-144.1	-111.7
414 	200   	-123.858	6.92371  	-144.1	-111.7
415 	200   	-123.795	6.97652  	-144.1	-111.7
416 	200   	-123.765	6.97758  	-144.1	-111.7
417 	200   	-123.542	7.11742  	-144.1	-111.7
418 	200   	-123.472	7.16484  	-144.1	-111.7
419 	200   	-123.417	7.20881  	-144.1	-111.7
420 	200   	-123.313	7.2264   	-144.1	-111.7
421 	200   	-123.193	7.23247  	-141.9	-111.7
422 	200   	-122.996	7.24693  	-141.9	-111.7
423 	200   	-122.858	7.32886  	-141.9	-111.7
424 	200   	-122.797	7.35981  	-141.9	-111.7
425 	200   	-122.71 	7.40835  	-141.9	-111.7
426 	200   	-122.71 	7.40835  	-141.9	-111.7
427 	200   	-122.704	7.4056   	-141.9	-111.7
428 	200   	-122.704	7.4056   	-141.9	-111.7
429 	200   	-122.683	7.40558  	-141.9	-111.7
430 	200   	-122.587	7.4223   	-141.9	-111.7
431 	200   	-122.517	7.45895  	-141.9	-111.7
432 	200   	-122.517	7.45895  	-141.9	-111.7
433 	200   	-122.493	7.45716  	-141.9	-111.7
434 	200   	-122.472	7.45232  	-141.9	-111.7
435 	200   	-122.472	7.45232  	-141.9	-111.7
436 	200   	-122.4  	7.48793  	-141.9	-111.7
437 	200   	-122.394	7.48536  	-141.9	-111.7
438 	200   	-122.311	7.3967   	-141.9	-111.7
439 	200   	-122.311	7.3967   	-141.9	-111.7
440 	200   	-122.311	7.3967   	-141.9	-111.7
441 	200   	-122.076	7.39835  	-141.9	-111.7
442 	200   	-121.918	7.38893  	-141.9	-111.7
443 	200   	-121.845	7.41764  	-141.9	-111.7
444 	200   	-121.828	7.41314  	-141.9	-111.7
445 	200   	-121.828	7.41314  	-141.9	-111.7
446 	200   	-121.733	7.31317  	-141.9	-111.7
447 	200   	-121.597	7.37221  	-141.9	-111.7
448 	200   	-121.573	7.36601  	-141.9	-111.7
449 	200   	-121.552	7.38745  	-141.9	-111.7
450 	200   	-121.552	7.38745  	-141.9	-111.7
451 	200   	-121.439	7.44646  	-141.9	-111.7
452 	200   	-121.413	7.45318  	-141.9	-111.7
453 	200   	-121.28 	7.50033  	-141.9	-111.7
454 	200   	-121.175	7.38865  	-140.9	-111.7
455 	200   	-121.11 	7.39818  	-140.9	-111.7
456 	200   	-121.001	7.31677  	-140.9	-111.7
457 	200   	-120.933	7.33995  	-140.9	-111.7
458 	200   	-120.933	7.33995  	-140.9	-111.7
459 	200   	-120.853	7.34093  	-140.9	-111.7
460 	200   	-120.52 	7.41426  	-140.9	-111.7
461 	200   	-120.432	7.41457  	-140.9	-111.7
462 	200   	-120.407	7.40586  	-140.9	-111.7
463 	200   	-120.407	7.40586  	-140.9	-111.7
464 	200   	-120.295	7.44731  	-140.9	-111.7
465 	200   	-120.244	7.47103  	-140.9	-111.7
466 	200   	-120.244	7.47103  	-140.9	-111.7
467 	200   	-120.082	7.45728  	-140.9	-111.7
468 	200   	-120.041	7.47001  	-140.9	-111.7
469 	200   	-119.952	7.32498  	-140.1	-111.7
470 	200   	-119.888	7.34086  	-140.1	-111.7
471 	200   	-119.801	7.38566  	-140.1	-111.7
472 	200   	-119.801	7.38566  	-140.1	-111.7
473 	200   	-119.685	7.42015  	-140.1	-111.7
474 	200   	-119.676	7.42914  	-140.1	-111.7
475 	200   	-119.491	7.41628  	-140.1	-111.7
476 	200   	-119.481	7.42503  	-140.1	-111.7
477 	200   	-119.481	7.42503  	-140.1	-111.7
478 	200   	-119.412	7.4329   	-140.1	-111.7
479 	200   	-119.218	7.40146  	-140.1	-111.7
480 	200   	-119.111	7.35453  	-140.1	-111.7
481 	200   	-119.03 	7.35666  	-140.1	-111.7
482 	200   	-118.961	7.36036  	-140.1	-111.7
483 	200   	-118.868	7.3355   	-140.1	-111.7
484 	200   	-118.868	7.3355   	-140.1	-111.7
485 	200   	-118.713	7.3118   	-140.1	-111.7
486 	200   	-118.644	7.31254  	-140.1	-111.7
487 	200   	-118.568	7.31509  	-140.1	-111.7
488 	200   	-118.385	7.29722  	-140.1	-111.7
489 	200   	-118.385	7.29722  	-140.1	-111.7
490 	200   	-118.34 	7.20316  	-140.1	-111.7
491 	200   	-118.314	7.21768  	-140.1	-111.7
492 	200   	-118.314	7.21768  	-140.1	-111.7
493 	200   	-118.095	7.19283  	-140.1	-111.7
494 	200   	-117.991	7.19633  	-140.1	-111.7
495 	200   	-117.885	7.13283  	-140.1	-111.7
496 	200   	-117.815	7.12448  	-140.1	-111.7
497 	200   	-117.545	6.94346  	-137.7	-111.7
498 	200   	-117.545	6.94346  	-137.7	-111.7
499 	200   	-117.545	6.94346  	-137.7	-111.7
500 	200   	-117.5  	6.95179  	-137.7	-111.7
501 	200   	-117.5  	6.95179  	-137.7	-111.7
502 	200   	-117.5  	6.95179  	-137.7	-111.7
503 	200   	-117.433	6.93892  	-137.7	-111.7
504 	200   	-117.34 	6.95305  	-137.7	-111.7
505 	200   	-117.34 	6.95305  	-137.7	-111.7
506 	200   	-117.183	6.89983  	-137.7	-111.7
507 	200   	-117.179	6.89405  	-137.7	-111.7
508 	200   	-117.111	6.88126  	-137.7	-111.7
509 	200   	-117.102	6.88741  	-137.7	-111.7
510 	200   	-117.102	6.88741  	-137.7	-111.7
511 	200   	-117.043	6.86803  	-137.7	-111.7
512 	200   	-117.02 	6.86069  	-137.7	-111.7
513 	200   	-116.996	6.84039  	-137.7	-111.7
514 	200   	-116.996	6.84039  	-137.7	-111.7
515 	200   	-116.996	6.84039  	-137.7	-111.7
516 	200   	-116.996	6.84039  	-137.7	-111.7
517 	200   	-116.71 	6.65801  	-137.7	-111.7
518 	200   	-116.71 	6.65801  	-137.7	-111.7
519 	200   	-116.71 	6.65801  	-137.7	-111.7
520 	200   	-116.641	6.63804  	-137.7	-111.7
521 	200   	-116.633	6.64302  	-137.7	-111.7
522 	200   	-116.564	6.6222   	-137.7	-111.7
523 	200   	-116.564	6.6222   	-137.7	-111.7
524 	200   	-116.509	6.60693  	-137.7	-111.7
525 	200   	-116.509	6.60693  	-137.7	-111.7
526 	200   	-116.359	6.56799  	-137.7	-111.7
527 	200   	-116.359	6.56799  	-137.7	-111.7
528 	200   	-116.29 	6.54404  	-137.7	-111.7
529 	200   	-116.281	6.54932  	-137.7	-111.7
530 	200   	-116.281	6.54932  	-137.7	-111.7
531 	200   	-116.167	6.52474  	-137.7	-111.7
532 	200   	-116.156	6.52828  	-137.7	-111.7
533 	200   	-116.098	6.51607  	-137.7	-111.7
534 	200   	-116.098	6.51607  	-137.7	-111.7
535 	200   	-116.032	6.49406  	-137.7	-111.7
536 	200   	-116.032	6.49406  	-137.7	-111.7
537 	200   	-116.032	6.49406  	-137.7	-111.7
538 	200   	-115.964	6.44481  	-137.7	-111.7
539 	200   	-115.897	6.41908  	-137.7	-111.7
540 	200   	-115.897	6.41908  	-137.7	-111.7
541 	200   	-115.853	6.4179   	-137.7	-111.7
542 	200   	-115.841	6.41653  	-137.7	-111.7
543 	200   	-115.839	6.41729  	-137.7	-111.7
544 	200   	-115.722	6.33414  	-137.7	-111.7
545 	200   	-115.722	6.33414  	-137.7	-111.7
546 	200   	-115.712	6.33873  	-137.7	-111.7
547 	200   	-115.656	6.32619  	-137.7	-111.7
548 	200   	-115.656	6.32619  	-137.7	-111.7
549 	200   	-115.574	6.27039  	-137.7	-111.7
550 	200   	-115.574	6.27039  	-137.7	-111.7
551 	200   	-115.564	6.27482  	-137.7	-111.7
552 	200   	-115.504	6.25407  	-137.7	-111.7
553 	200   	-115.504	6.25407  	-137.7	-111.7
554 	200   	-115.435	6.21944  	-137.7	-111.7
555 	200   	-115.43 	6.21608  	-137.7	-111.7
556 	200   	-115.347	6.145    	-137.7	-111.7
557 	200   	-115.12 	5.9619   	-137.7	-111.7
558 	200   	-115.12 	5.9619   	-137.7	-111.7
559 	200   	-115.12 	5.9619   	-137.7	-111.7
560 	200   	-115.069	5.95775  	-137.7	-111.7
561 	200   	-115.025	5.95042  	-137.7	-111.7
562 	200   	-115.025	5.95042  	-137.7	-111.7
563 	200   	-115.025	5.95042  	-137.7	-111.7
564 	200   	-114.881	5.73453  	-131.4	-111.7
565 	200   	-114.788	5.63338  	-131.4	-111.7
566 	200   	-114.73 	5.59073  	-131.4	-111.7
567 	200   	-114.664	5.54803  	-131.4	-111.7
568 	200   	-114.664	5.54803  	-131.4	-111.7
569 	200   	-114.644	5.51605  	-131.4	-111.7
570 	200   	-114.644	5.51605  	-131.4	-111.7
571 	200   	-114.644	5.51605  	-131.4	-111.7
572 	200   	-114.446	5.28661  	-131.4	-111.7
573 	200   	-114.446	5.28661  	-131.4	-111.7
574 	200   	-114.446	5.28661  	-131.4	-111.7
575 	200   	-114.446	5.28661  	-131.4	-111.7
576 	200   	-114.361	5.19395  	-131.4	-111.7
577 	200   	-114.189	5.08306  	-131.4	-111.7
578 	200   	-114.189	5.08306  	-131.4	-111.7
579 	200   	-114.185	5.08398  	-131.4	-111.7
580 	200   	-114.141	5.0678   	-131.4	-111.7
581 	200   	-114.141	5.0678   	-131.4	-111.7
582 	200   	-114.107	5.04853  	-131.4	-111.7
583 	200   	-114.057	5.02253  	-131.4	-111.7
584 	200   	-114.057	5.02253  	-131.4	-111.7
585 	200   	-113.999	4.98226  	-131.4	-111.7
586 	200   	-113.911	4.86686  	-131.4	-111.7
587 	200   	-113.911	4.86686  	-131.4	-111.7
588 	200   	-113.911	4.86686  	-131.4	-111.7
589 	200   	-113.862	4.83946  	-131.4	-111.7
590 	200   	-113.844	4.80269  	-131.4	-111.7
591 	200   	-113.844	4.80269  	-131.4	-111.7
592 	200   	-113.84 	4.80418  	-131.4	-111.7
593 	200   	-113.771	4.73482  	-131.4	-111.7
594 	200   	-113.771	4.73482  	-131.4	-111.7
595 	200   	-113.771	4.73482  	-131.4	-111.7
596 	200   	-113.771	4.73482  	-131.4	-111.7
597 	200   	-113.771	4.73482  	-131.4	-111.7
598 	200   	-113.771	4.73482  	-131.4	-111.7
599 	200   	-113.771	4.73482  	-131.4	-111.7
600 	200   	-113.698	4.66861  	-131.4	-111.7
601 	200   	-113.654	4.64644  	-131.4	-111.7
602 	200   	-113.654	4.64644  	-131.4	-111.7
603 	200   	-113.626	4.5927   	-131.4	-111.7
604 	200   	-113.619	4.5945   	-131.4	-111.7
605 	200   	-113.619	4.5945   	-131.4	-111.7
606 	200   	-113.619	4.5945   	-131.4	-111.7
607 	200   	-113.619	4.5945   	-131.4	-111.7
608 	200   	-113.582	4.57999  	-131.4	-111.7
609 	200   	-113.577	4.58158  	-131.4	-111.7
610 	200   	-113.577	4.58158  	-131.4	-111.7
611 	200   	-113.573	4.58287  	-131.4	-111.7
612 	200   	-113.572	4.58307  	-131.4	-111.7
613 	200   	-113.559	4.58459  	-131.4	-111.7
614 	200   	-113.559	4.58459  	-131.4	-111.7
615 	200   	-113.559	4.58459  	-131.4	-111.7
616 	200   	-113.559	4.58459  	-131.4	-111.7
617 	200   	-113.49 	4.50754  	-131.4	-111.7
618 	200   	-113.489	4.50792  	-131.4	-111.7
619 	200   	-113.489	4.50792  	-131.4	-111.7
620 	200   	-113.489	4.50792  	-131.4	-111.7
621 	200   	-113.431	4.47162  	-131.4	-111.7
622 	200   	-113.422	4.47329  	-131.4	-111.7
623 	200   	-113.422	4.47329  	-131.4	-111.7
624 	200   	-113.365	4.42925  	-131.4	-111.7
625 	200   	-113.365	4.42925  	-131.4	-111.7
626 	200   	-113.365	4.42925  	-131.4	-111.7
627 	200   	-113.365	4.42925  	-131.4	-111.7
628 	200   	-113.365	4.42925  	-131.4	-111.7
629 	200   	-113.314	4.41286  	-131.4	-111.7
630 	200   	-113.314	4.41286  	-131.4	-111.7
631 	200   	-113.314	4.41286  	-131.4	-111.7
632 	200   	-113.245	4.32886  	-131.4	-111.7
633 	200   	-113.245	4.32886  	-131.4	-111.7
634 	200   	-113.176	4.24208  	-131.4	-111.7
635 	200   	-113.176	4.24208  	-131.4	-111.7
636 	200   	-113.176	4.24208  	-131.4	-111.7
637 	200   	-113.176	4.24208  	-131.4	-111.7
638 	200   	-113.176	4.24208  	-131.4	-111.7
639 	200   	-113.176	4.24208  	-131.4	-111.7
640 	200   	-113.17 	4.24331  	-131.4	-111.7
641 	200   	-113.17 	4.24331  	-131.4	-111.7
642 	200   	-113.17 	4.24331  	-131.4	-111.7
643 	200   	-113.127	4.16092  	-131.4	-111.7
644 	200   	-113.119	4.16173  	-131.4	-111.7
645 	200   	-113.119	4.16173  	-131.4	-111.7
646 	200   	-113.119	4.16173  	-131.4	-111.7
647 	200   	-113.076	4.07082  	-131.4	-111.7
648 	200   	-113.076	4.07082  	-131.4	-111.7
649 	200   	-113.076	4.07082  	-131.4	-111.7
650 	200   	-113.042	3.9953   	-131.4	-111.7
651 	200   	-113.042	3.9953   	-131.4	-111.7
652 	200   	-113.033	3.99622  	-131.4	-111.7
653 	200   	-113.033	3.99622  	-131.4	-111.7
654 	200   	-113.033	3.99622  	-131.4	-111.7
655 	200   	-113.033	3.99622  	-131.4	-111.7
656 	200   	-112.884	3.82265  	-131.4	-111.7
657 	200   	-112.81 	3.69962  	-131.4	-111.7
658 	200   	-112.81 	3.69962  	-131.4	-111.7
659 	200   	-112.81 	3.69962  	-131.4	-111.7
660 	200   	-112.784	3.68903  	-131.4	-111.7
661 	200   	-112.784	3.68903  	-131.4	-111.7
662 	200   	-112.692	3.51482  	-131.4	-111.7
663 	200   	-112.692	3.51482  	-131.4	-111.7
664 	200   	-112.692	3.51482  	-131.4	-111.7
665 	200   	-112.692	3.51482  	-131.4	-111.7
666 	200   	-112.692	3.51482  	-131.4	-111.7
667 	200   	-112.666	3.50281  	-131.4	-111.7
668 	200   	-112.666	3.50281  	-131.4	-111.7
669 	200   	-112.666	3.50281  	-131.4	-111.7
670 	200   	-112.666	3.50281  	-131.4	-111.7
671 	200   	-112.666	3.50281  	-131.4	-111.7
672 	200   	-112.666	3.50281  	-131.4	-111.7
673 	200   	-112.666	3.50281  	-131.4	-111.7
674 	200   	-112.597	3.38319  	-131.4	-111.7
675 	200   	-112.567	3.35451  	-131.4	-111.7
676 	200   	-112.567	3.35451  	-131.4	-111.7
677 	200   	-112.567	3.35451  	-131.4	-111.7
678 	200   	-112.567	3.35451  	-131.4	-111.7
679 	200   	-112.567	3.35451  	-131.4	-111.7
680 	200   	-112.567	3.35451  	-131.4	-111.7
681 	200   	-112.565	3.35491  	-131.4	-111.7
682 	200   	-112.565	3.35491  	-131.4	-111.7
683 	200   	-112.565	3.35491  	-131.4	-111.7
684 	200   	-112.492	3.21099  	-131.4	-111.7
685 	200   	-112.492	3.21099  	-131.4	-111.7
686 	200   	-112.492	3.21099  	-131.4	-111.7
687 	200   	-112.492	3.21099  	-131.4	-111.7
688 	200   	-112.404	2.98498  	-131.4	-111.7
689 	200   	-112.401	2.98539  	-131.4	-111.7
690 	200   	-112.401	2.98539  	-131.4	-111.7
691 	200   	-112.401	2.98539  	-131.4	-111.7
692 	200   	-112.401	2.98539  	-131.4	-111.7
693 	200   	-112.401	2.98539  	-131.4	-111.7
694 	200   	-112.302	2.66466  	-129.9	-111.7
695 	200   	-112.302	2.66466  	-129.9	-111.7
696 	200   	-112.302	2.66466  	-129.9	-111.7
697 	200   	-112.302	2.66466  	-129.9	-111.7
698 	200   	-112.302	2.66466  	-129.9	-111.7
699 	200   	-112.302	2.66466  	-129.9	-111.7
700 	200   	-112.302	2.66476  	-129.9	-111.7
701 	200   	-112.302	2.66476  	-129.9	-111.7
702 	200   	-112.302	2.66476  	-129.9	-111.7
703 	200   	-112.302	2.66476  	-129.9	-111.7
704 	200   	-112.302	2.66476  	-129.9	-111.7
705 	200   	-112.302	2.66476  	-129.9	-111.7
706 	200   	-112.302	2.66476  	-129.9	-111.7
707 	200   	-112.298	2.66476  	-129.9	-111.7
708 	200   	-112.298	2.66476  	-129.9	-111.7
709 	200   	-112.298	2.66476  	-129.9	-111.7
710 	200   	-112.229	2.49528  	-129.9	-111.7
711 	200   	-112.229	2.49528  	-129.9	-111.7
712 	200   	-112.229	2.49528  	-129.9	-111.7
713 	200   	-112.229	2.49528  	-129.9	-111.7
714 	200   	-112.229	2.49528  	-129.9	-111.7
715 	200   	-112.229	2.49528  	-129.9	-111.7
716 	200   	-112.229	2.49528  	-129.9	-111.7
717 	200   	-112.211	2.41958  	-129.9	-111.7
718 	200   	-112.211	2.41958  	-129.9	-111.7
719 	200   	-112.211	2.41958  	-129.9	-111.7
720 	200   	-112.211	2.41958  	-129.9	-111.7
721 	200   	-112.211	2.41958  	-129.9	-111.7
722 	200   	-112.211	2.41958  	-129.9	-111.7
723 	200   	-112.203	2.35967  	-129.2	-111.7
724 	200   	-112.203	2.35967  	-129.2	-111.7
725 	200   	-112.203	2.35967  	-129.2	-111.7
726 	200   	-112.203	2.35967  	-129.2	-111.7
727 	200   	-112.203	2.35967  	-129.2	-111.7
728 	200   	-112.203	2.35967  	-129.2	-111.7
729 	200   	-112.203	2.35967  	-129.2	-111.7
730 	200   	-112.203	2.35967  	-129.2	-111.7
731 	200   	-112.203	2.35967  	-129.2	-111.7
732 	200   	-112.203	2.35967  	-129.2	-111.7
733 	200   	-112.12 	2.06952  	-129.2	-111.7
734 	200   	-112.12 	2.06952  	-129.2	-111.7
735 	200   	-112.12 	2.06952  	-129.2	-111.7
736 	200   	-112.12 	2.06952  	-129.2	-111.7
737 	200   	-112.12 	2.06952  	-129.2	-111.7
738 	200   	-112.12 	2.06952  	-129.2	-111.7
739 	200   	-112.119	2.06967  	-129.2	-111.7
740 	200   	-112.119	2.06967  	-129.2	-111.7
741 	200   	-112.119	2.06967  	-129.2	-111.7
742 	200   	-112.076	1.98486  	-129.2	-111.7
743 	200   	-112.076	1.98486  	-129.2	-111.7
744 	200   	-112.076	1.98486  	-129.2	-111.7
745 	200   	-112.076	1.98486  	-129.2	-111.7
746 	200   	-112.076	1.98486  	-129.2	-111.7
747 	200   	-112.076	1.98486  	-129.2	-111.7
748 	200   	-112.073	1.98501  	-129.2	-111.7
749 	200   	-112.073	1.98501  	-129.2	-111.7
750 	200   	-112.073	1.98501  	-129.2	-111.7
751 	200   	-112.073	1.98501  	-129.2	-111.7
752 	200   	-112.073	1.98501  	-129.2	-111.7
753 	200   	-112.073	1.98501  	-129.2	-111.7
754 	200   	-112.073	1.98501  	-129.2	-111.7
755 	200   	-112.073	1.98501  	-129.2	-111.7
756 	200   	-112.073	1.98501  	-129.2	-111.7
757 	200   	-112.073	1.98501  	-129.2	-111.7
758 	200   	-112.049	1.9602   	-129.2	-111.7
759 	200   	-112.049	1.9602   	-129.2	-111.7
760 	200   	-112.049	1.9602   	-129.2	-111.7
761 	200   	-112.049	1.9602   	-129.2	-111.7
762 	200   	-112.049	1.9602   	-129.2	-111.7
763 	200   	-112.049	1.9602   	-129.2	-111.7
764 	200   	-112.049	1.9602   	-129.2	-111.7
765 	200   	-112.041	1.95801  	-129.2	-111.7
766 	200   	-112.041	1.95801  	-129.2	-111.7
767 	200   	-112.012	1.91951  	-129.2	-111.7
768 	200   	-112.012	1.91951  	-129.2	-111.7
769 	200   	-112.012	1.91951  	-129.2	-111.7
770 	200   	-112.012	1.91951  	-129.2	-111.7
771 	200   	-112.012	1.91951  	-129.2	-111.7
772 	200   	-112.012	1.91951  	-129.2	-111.7
773 	200   	-112.012	1.91951  	-129.2	-111.7
774 	200   	-112.012	1.91951  	-129.2	-111.7
775 	200   	-112.01 	1.91962  	-129.2	-111.7
776 	200   	-112.01 	1.91962  	-129.2	-111.7
777 	200   	-112.01 	1.91962  	-129.2	-111.7
778 	200   	-112.01 	1.91962  	-129.2	-111.7
779 	200   	-112.01 	1.91962  	-129.2	-111.7
780 	200   	-112.01 	1.91962  	-129.2	-111.7
781 	200   	-112.01 	1.91962  	-129.2	-111.7
782 	200   	-112.01 	1.91962  	-129.2	-111.7
783 	200   	-112.01 	1.91962  	-129.2	-111.7
784 	200   	-112.01 	1.91962  	-129.2	-111.7
785 	200   	-112.01 	1.91962  	-129.2	-111.7
786 	200   	-112.01 	1.91962  	-129.2	-111.7
787 	200   	-112.01 	1.91962  	-129.2	-111.7
788 	200   	-112.01 	1.91962  	-129.2	-111.7
789 	200   	-112.01 	1.91962  	-129.2	-111.7
790 	200   	-112.01 	1.91962  	-129.2	-111.7
791 	200   	-112.01 	1.91962  	-129.2	-111.7
792 	200   	-112.01 	1.91962  	-129.2	-111.7
793 	200   	-112.01 	1.91962  	-129.2	-111.7
794 	200   	-112.01 	1.91962  	-129.2	-111.7
795 	200   	-111.941	1.66454  	-129.2	-111.7
796 	200   	-111.941	1.66454  	-129.2	-111.7
797 	200   	-111.941	1.66454  	-129.2	-111.7
798 	200   	-111.941	1.66454  	-129.2	-111.7
799 	200   	-111.941	1.66454  	-129.2	-111.7
800 	200   	-111.941	1.66454  	-129.2	-111.7
801 	200   	-111.941	1.66454  	-129.2	-111.7
802 	200   	-111.941	1.66454  	-129.2	-111.7
803 	200   	-111.941	1.66454  	-129.2	-111.7
804 	200   	-111.941	1.66454  	-129.2	-111.7
805 	200   	-111.941	1.66454  	-129.2	-111.7
806 	200   	-111.94 	1.66463  	-129.2	-111.7
807 	200   	-111.94 	1.66463  	-129.2	-111.7
808 	200   	-111.9  	1.57363  	-129.2	-111.7
809 	200   	-111.9  	1.57363  	-129.2	-111.7
810 	200   	-111.9  	1.57363  	-129.2	-111.7
811 	200   	-111.9  	1.57363  	-129.2	-111.7
812 	200   	-111.9  	1.57363  	-129.2	-111.7
813 	200   	-111.9  	1.57363  	-129.2	-111.7
814 	200   	-111.9  	1.57363  	-129.2	-111.7
815 	200   	-111.9  	1.57363  	-129.2	-111.7
816 	200   	-111.9  	1.57363  	-129.2	-111.7
817 	200   	-111.9  	1.57363  	-129.2	-111.7
818 	200   	-111.9  	1.57363  	-129.2	-111.7
819 	200   	-111.9  	1.57363  	-129.2	-111.7
820 	200   	-111.9  	1.57363  	-129.2	-111.7
821 	200   	-111.9  	1.57363  	-129.2	-111.7
822 	200   	-111.9  	1.57363  	-129.2	-111.7
823 	200   	-111.9  	1.57363  	-129.2	-111.7
824 	200   	-111.9  	1.57363  	-129.2	-111.7
825 	200   	-111.853	1.43216  	-129.2	-111.7
826 	200   	-111.853	1.43223  	-129.2	-111.6
827 	200   	-111.853	1.43223  	-129.2	-111.6
828 	200   	-111.853	1.43223  	-129.2	-111.6
829 	200   	-111.853	1.43223  	-129.2	-111.6
830 	200   	-111.853	1.43223  	-129.2	-111.6
831 	200   	-111.765	0.734217 	-121.9	-111.6
832 	200   	-111.765	0.734217 	-121.9	-111.6
833 	200   	-111.765	0.734217 	-121.9	-111.6
834 	200   	-111.765	0.734217 	-121.9	-111.6
835 	200   	-111.765	0.734295 	-121.9	-111.6
836 	200   	-111.765	0.734295 	-121.9	-111.6
837 	200   	-111.765	0.734295 	-121.9	-111.6
838 	200   	-111.765	0.734295 	-121.9	-111.6
839 	200   	-111.765	0.734295 	-121.9	-111.6
840 	200   	-111.765	0.734295 	-121.9	-111.6
841 	200   	-111.765	0.734295 	-121.9	-111.6
842 	200   	-111.765	0.734295 	-121.9	-111.6
843 	200   	-111.765	0.734295 	-121.9	-111.6
844 	200   	-111.765	0.734295 	-121.9	-111.6
845 	200   	-111.765	0.734295 	-121.9	-111.6
846 	200   	-111.765	0.734295 	-121.9	-111.6
847 	200   	-111.765	0.734295 	-121.9	-111.6
848 	200   	-111.765	0.734295 	-121.9	-111.6
849 	200   	-111.765	0.734295 	-121.9	-111.6
850 	200   	-111.765	0.734295 	-121.9	-111.6
851 	200   	-111.765	0.734295 	-121.9	-111.6
852 	200   	-111.765	0.734295 	-121.9	-111.6
853 	200   	-111.765	0.734295 	-121.9	-111.6
854 	200   	-111.765	0.734295 	-121.9	-111.6
855 	200   	-111.765	0.734295 	-121.9	-111.6
856 	200   	-111.765	0.734295 	-121.9	-111.6
857 	200   	-111.765	0.734295 	-121.9	-111.6
858 	200   	-111.765	0.734295 	-121.9	-111.6
859 	200   	-111.765	0.734295 	-121.9	-111.6
860 	200   	-111.765	0.734295 	-121.9	-111.6
861 	200   	-111.765	0.734295 	-121.9	-111.6
862 	200   	-111.765	0.734295 	-121.9	-111.6
863 	200   	-111.765	0.734295 	-121.9	-111.6
864 	200   	-111.765	0.734295 	-121.9	-111.6
865 	200   	-111.765	0.734295 	-121.9	-111.6
866 	200   	-111.765	0.734295 	-121.9	-111.6
867 	200   	-111.765	0.734295 	-121.9	-111.6
868 	200   	-111.765	0.734295 	-121.9	-111.6
869 	200   	-111.765	0.734295 	-121.9	-111.6
870 	200   	-111.765	0.734295 	-121.9	-111.6
871 	200   	-111.765	0.734295 	-121.9	-111.6
872 	200   	-111.765	0.734295 	-121.9	-111.6
873 	200   	-111.765	0.734295 	-121.9	-111.6
874 	200   	-111.765	0.734295 	-121.9	-111.6
875 	200   	-111.765	0.734295 	-121.9	-111.6
876 	200   	-111.765	0.734295 	-121.9	-111.6
877 	200   	-111.765	0.734295 	-121.9	-111.6
878 	200   	-111.765	0.734295 	-121.9	-111.6
879 	200   	-111.765	0.734295 	-121.9	-111.6
880 	200   	-111.765	0.734295 	-121.9	-111.6
881 	200   	-111.765	0.734295 	-121.9	-111.6
882 	200   	-111.765	0.734295 	-121.9	-111.6
883 	200   	-111.765	0.734295 	-121.9	-111.6
884 	200   	-111.765	0.734295 	-121.9	-111.6
885 	200   	-111.765	0.734295 	-121.9	-111.6
886 	200   	-111.765	0.734295 	-121.9	-111.6
887 	200   	-111.765	0.734295 	-121.9	-111.6
888 	200   	-111.765	0.734295 	-121.9	-111.6
889 	200   	-111.765	0.734295 	-121.9	-111.6
890 	200   	-111.764	0.734373 	-121.9	-111.6
891 	200   	-111.764	0.734373 	-121.9	-111.6
892 	200   	-111.764	0.734373 	-121.9	-111.6
893 	200   	-111.764	0.734373 	-121.9	-111.6
894 	200   	-111.764	0.734373 	-121.9	-111.6
895 	200   	-111.764	0.734373 	-121.9	-111.6
896 	200   	-111.764	0.734373 	-121.9	-111.6
897 	200   	-111.764	0.734373 	-121.9	-111.6
898 	200   	-111.764	0.734373 	-121.9	-111.6
899 	200   	-111.764	0.734373 	-121.9	-111.6
900 	200   	-111.764	0.734373 	-121.9	-111.6
901 	200   	-111.764	0.734373 	-121.9	-111.6
902 	200   	-111.764	0.734373 	-121.9	-111.6
903 	200   	-111.764	0.734373 	-121.9	-111.6
904 	200   	-111.764	0.734373 	-121.9	-111.6
905 	200   	-111.764	0.734373 	-121.9	-111.6
906 	200   	-111.764	0.734373 	-121.9	-111.6
907 	200   	-111.764	0.734373 	-121.9	-111.6
908 	200   	-111.764	0.734373 	-121.9	-111.6
909 	200   	-111.764	0.734373 	-121.9	-111.6
910 	200   	-111.764	0.734373 	-121.9	-111.6
911 	200   	-111.764	0.734373 	-121.9	-111.6
912 	200   	-111.764	0.734373 	-121.9	-111.6
913 	200   	-111.764	0.734373 	-121.9	-111.6
914 	200   	-111.764	0.734373 	-121.9	-111.6
915 	200   	-111.764	0.734373 	-121.9	-111.6
916 	200   	-111.764	0.734373 	-121.9	-111.6
917 	200   	-111.764	0.734373 	-121.9	-111.6
918 	200   	-111.764	0.734373 	-121.9	-111.6
919 	200   	-111.764	0.734373 	-121.9	-111.6
920 	200   	-111.764	0.734373 	-121.9	-111.6
921 	200   	-111.764	0.734373 	-121.9	-111.6
922 	200   	-111.764	0.734373 	-121.9	-111.6
923 	200   	-111.764	0.734373 	-121.9	-111.6
924 	200   	-111.764	0.734373 	-121.9	-111.6
925 	200   	-111.764	0.734373 	-121.9	-111.6
926 	200   	-111.764	0.734373 	-121.9	-111.6
927 	200   	-111.764	0.734373 	-121.9	-111.6
928 	200   	-111.764	0.734373 	-121.9	-111.6
929 	200   	-111.755	0.722758 	-121.9	-111.6
930 	200   	-111.755	0.722758 	-121.9	-111.6
931 	200   	-111.755	0.722758 	-121.9	-111.6
932 	200   	-111.754	0.722831 	-121.9	-111.6
933 	200   	-111.754	0.722831 	-121.9	-111.6
934 	200   	-111.754	0.722831 	-121.9	-111.6
935 	200   	-111.754	0.722831 	-121.9	-111.6
936 	200   	-111.754	0.722831 	-121.9	-111.6
937 	200   	-111.754	0.722831 	-121.9	-111.6
938 	200   	-111.754	0.722831 	-121.9	-111.6
939 	200   	-111.754	0.722831 	-121.9	-111.6
940 	200   	-111.754	0.722831 	-121.9	-111.6
941 	200   	-111.754	0.722831 	-121.9	-111.6
942 	200   	-111.754	0.722831 	-121.9	-111.6
943 	200   	-111.754	0.722831 	-121.9	-111.6
944 	200   	-111.754	0.722831 	-121.9	-111.6
945 	200   	-111.754	0.722831 	-121.9	-111.6
946 	200   	-111.754	0.722831 	-121.9	-111.6
947 	200   	-111.754	0.722831 	-121.9	-111.6
948 	200   	-111.754	0.722831 	-121.9	-111.6
949 	200   	-111.754	0.722831 	-121.9	-111.6
950 	200   	-111.754	0.722831 	-121.9	-111.6
951 	200   	-111.754	0.722831 	-121.9	-111.6
952 	200   	-111.754	0.722831 	-121.9	-111.6
953 	200   	-111.754	0.722831 	-121.9	-111.6
954 	200   	-111.754	0.722831 	-121.9	-111.6
955 	200   	-111.754	0.722831 	-121.9	-111.6
956 	200   	-111.754	0.722831 	-121.9	-111.6
957 	200   	-111.754	0.722831 	-121.9	-111.6
958 	200   	-111.754	0.722831 	-121.9	-111.6
959 	200   	-111.754	0.722831 	-121.9	-111.6
960 	200   	-111.754	0.722831 	-121.9	-111.6
961 	200   	-111.754	0.722831 	-121.9	-111.6
962 	200   	-111.754	0.722831 	-121.9	-111.6
963 	200   	-111.754	0.722831 	-121.9	-111.6
964 	200   	-111.754	0.722831 	-121.9	-111.6
965 	200   	-111.754	0.722831 	-121.9	-111.6
966 	200   	-111.754	0.722831 	-121.9	-111.6
967 	200   	-111.754	0.722831 	-121.9	-111.6
968 	200   	-111.754	0.722831 	-121.9	-111.6
969 	200   	-111.754	0.722831 	-121.9	-111.6
970 	200   	-111.754	0.722831 	-121.9	-111.6
971 	200   	-111.754	0.722831 	-121.9	-111.6
972 	200   	-111.703	0.0720486	-112.7	-111.6
973 	200   	-111.703	0.0720486	-112.7	-111.6
974 	200   	-111.703	0.0720486	-112.7	-111.6
975 	200   	-111.703	0.0720486	-112.7	-111.6
976 	200   	-111.703	0.0720486	-112.7	-111.6
977 	200   	-111.703	0.0720486	-112.7	-111.6
978 	200   	-111.703	0.0720486	-112.7	-111.6
979 	200   	-111.703	0.0720486	-112.7	-111.6
980 	200   	-111.703	0.0720486	-112.7	-111.6
981 	200   	-111.703	0.0720486	-112.7	-111.6
982 	200   	-111.703	0.0720486	-112.7	-111.6
983 	200   	-111.703	0.0720486	-112.7	-111.6
984 	200   	-111.703	0.0720486	-112.7	-111.6
985 	200   	-111.703	0.0720486	-112.7	-111.6
986 	200   	-111.703	0.0720486	-112.7	-111.6
987 	200   	-111.703	0.0720486	-112.7	-111.6
988 	200   	-111.703	0.0720486	-112.7	-111.6
989 	200   	-111.703	0.0720486	-112.7	-111.6
990 	200   	-111.703	0.0720486	-112.7	-111.6
991 	200   	-111.703	0.0720486	-112.7	-111.6
992 	200   	-111.703	0.0720486	-112.7	-111.6
993 	200   	-111.703	0.0720486	-112.7	-111.6
994 	200   	-111.703	0.0720486	-112.7	-111.6
995 	200   	-111.703	0.0720486	-112.7	-111.6
996 	200   	-111.703	0.0720486	-112.7	-111.6
997 	200   	-111.703	0.0720486	-112.7	-111.6
998 	200   	-111.703	0.0720486	-112.7	-111.6
999 	200   	-111.703	0.0720486	-112.7	-111.6
1000	200   	-111.703	0.0720486	-112.7	-111.6
1001	200   	-111.703	0.0720486	-112.7	-111.6
1002	200   	-111.703	0.0720486	-112.7	-111.6
1003	200   	-111.703	0.0720486	-112.7	-111.6
1004	200   	-111.703	0.0720486	-112.7	-111.6
1005	200   	-111.703	0.0720486	-112.7	-111.6
1006	200   	-111.703	0.0720486	-112.7	-111.6
1007	200   	-111.703	0.0720486	-112.7	-111.6
1008	200   	-111.703	0.0720486	-112.7	-111.6
1009	200   	-111.703	0.0720486	-112.7	-111.6
1010	200   	-111.703	0.0720486	-112.7	-111.6
1011	200   	-111.703	0.0720486	-112.7	-111.6
1012	200   	-111.703	0.0720486	-112.7	-111.6
1013	200   	-111.703	0.0720486	-112.7	-111.6
1014	200   	-111.703	0.0720486	-112.7	-111.6
1015	200   	-111.703	0.0720486	-112.7	-111.6
1016	200   	-111.703	0.0720486	-112.7	-111.6
1017	200   	-111.703	0.0720486	-112.7	-111.6
1018	200   	-111.703	0.0720486	-112.7	-111.6
1019	200   	-111.703	0.0720486	-112.7	-111.6
1020	200   	-111.703	0.0720486	-112.7	-111.6
1021	200   	-111.703	0.0720486	-112.7	-111.6
1022	200   	-111.703	0.0724137	-112.7	-111.6
1023	200   	-111.703	0.0724137	-112.7	-111.6
1024	200   	-111.703	0.0724137	-112.7	-111.6
1025	200   	-111.703	0.0724137	-112.7	-111.6
1026	200   	-111.703	0.0724137	-112.7	-111.6
1027	200   	-111.703	0.0724137	-112.7	-111.6
1028	200   	-111.703	0.0724137	-112.7	-111.6
1029	200   	-111.703	0.0724137	-112.7	-111.6
1030	200   	-111.703	0.0724137	-112.7	-111.6
1031	200   	-111.703	0.0724137	-112.7	-111.6
1032	200   	-111.703	0.0724137	-112.7	-111.6
1033	200   	-111.703	0.0724137	-112.7	-111.6
1034	200   	-111.703	0.0724137	-112.7	-111.6
1035	200   	-111.703	0.0724137	-112.7	-111.6
1036	200   	-111.703	0.0724137	-112.7	-111.6
1037	200   	-111.703	0.0724137	-112.7	-111.6
1038	200   	-111.703	0.0724137	-112.7	-111.6
1039	200   	-111.703	0.0724137	-112.7	-111.6
1040	200   	-111.703	0.0724137	-112.7	-111.6
1041	200   	-111.703	0.0724137	-112.7	-111.6
1042	200   	-111.703	0.0724137	-112.7	-111.6
1043	200   	-111.703	0.0724137	-112.7	-111.6
1044	200   	-111.703	0.0724137	-112.7	-111.6
1045	200   	-111.703	0.0724137	-112.7	-111.6
1046	200   	-111.703	0.0724137	-112.7	-111.6
1047	200   	-111.703	0.0724137	-112.7	-111.6
1048	200   	-111.703	0.0724137	-112.7	-111.6
1049	200   	-111.703	0.0724137	-112.7	-111.6
1050	200   	-111.703	0.0724137	-112.7	-111.6
1051	200   	-111.703	0.0724137	-112.7	-111.6
1052	200   	-111.703	0.0724137	-112.7	-111.6
1053	200   	-111.703	0.0724137	-112.7	-111.6
1054	200   	-111.703	0.0724137	-112.7	-111.6
1055	200   	-111.703	0.0724137	-112.7	-111.6
1056	200   	-111.703	0.0724137	-112.7	-111.6
1057	200   	-111.703	0.0724137	-112.7	-111.6
1058	200   	-111.703	0.0724137	-112.7	-111.6
1059	200   	-111.703	0.0724137	-112.7	-111.6
1060	200   	-111.703	0.0724137	-112.7	-111.6
1061	200   	-111.703	0.0724137	-112.7	-111.6
1062	200   	-111.703	0.0724137	-112.7	-111.6
1063	200   	-111.703	0.0724137	-112.7	-111.6
1064	200   	-111.703	0.0724137	-112.7	-111.6
1065	200   	-111.703	0.0724137	-112.7	-111.6
1066	200   	-111.703	0.0724137	-112.7	-111.6
1067	200   	-111.703	0.0724137	-112.7	-111.6
1068	200   	-111.703	0.0724137	-112.7	-111.6
1069	200   	-111.703	0.0724137	-112.7	-111.6
1070	200   	-111.703	0.0724137	-112.7	-111.6
1071	200   	-111.703	0.0724137	-112.7	-111.6
1072	200   	-111.703	0.0724137	-112.7	-111.6
1073	200   	-111.703	0.0724137	-112.7	-111.6
1074	200   	-111.703	0.0724137	-112.7	-111.6
1075	200   	-111.703	0.0724137	-112.7	-111.6
1076	200   	-111.703	0.0724137	-112.7	-111.6
1077	200   	-111.703	0.0724137	-112.7	-111.6
1078	200   	-111.703	0.0724137	-112.7	-111.6
1079	200   	-111.703	0.0724137	-112.7	-111.6
1080	200   	-111.703	0.0724137	-112.7	-111.6
1081	200   	-111.703	0.0724137	-112.7	-111.6
1082	200   	-111.703	0.0724137	-112.7	-111.6
1083	200   	-111.703	0.0724137	-112.7	-111.6
1084	200   	-111.703	0.0724137	-112.7	-111.6
1085	200   	-111.703	0.0724137	-112.7	-111.6
1086	200   	-111.703	0.0724137	-112.7	-111.6
1087	200   	-111.703	0.0724137	-112.7	-111.6
1088	200   	-111.703	0.0724137	-112.7	-111.6
1089	200   	-111.703	0.0724137	-112.7	-111.6
1090	200   	-111.703	0.0724137	-112.7	-111.6
1091	200   	-111.703	0.0724137	-112.7	-111.6
1092	200   	-111.703	0.0724137	-112.7	-111.6
1093	200   	-111.703	0.0724137	-112.7	-111.6
1094	200   	-111.703	0.0724137	-112.7	-111.6
1095	200   	-111.703	0.0724137	-112.7	-111.6
1096	200   	-111.703	0.0724137	-112.7	-111.6
1097	200   	-111.703	0.0724137	-112.7	-111.6
1098	200   	-111.703	0.0724137	-112.7	-111.6
1099	200   	-111.703	0.0724137	-112.7	-111.6
1100	200   	-111.703	0.0724137	-112.7	-111.6
1101	200   	-111.703	0.0724137	-112.7	-111.6
1102	200   	-111.703	0.0724137	-112.7	-111.6
1103	200   	-111.703	0.0724137	-112.7	-111.6
1104	200   	-111.703	0.0724137	-112.7	-111.6
1105	200   	-111.703	0.0724137	-112.7	-111.6
1106	200   	-111.703	0.0724137	-112.7	-111.6
1107	200   	-111.703	0.0724137	-112.7	-111.6
1108	200   	-111.703	0.0724137	-112.7	-111.6
1109	200   	-111.703	0.0724137	-112.7	-111.6
1110	200   	-111.703	0.0724137	-112.7	-111.6
1111	200   	-111.703	0.0724137	-112.7	-111.6
1112	200   	-111.703	0.0724137	-112.7	-111.6
1113	200   	-111.703	0.0724137	-112.7	-111.6
1114	200   	-111.703	0.0724137	-112.7	-111.6
1115	200   	-111.703	0.0724137	-112.7	-111.6
1116	200   	-111.703	0.0724137	-112.7	-111.6
1117	200   	-111.703	0.0724137	-112.7	-111.6
1118	200   	-111.703	0.0724137	-112.7	-111.6
1119	200   	-111.703	0.0724137	-112.7	-111.6
1120	200   	-111.703	0.0724137	-112.7	-111.6
1121	200   	-111.703	0.0724137	-112.7	-111.6
1122	200   	-111.703	0.0724137	-112.7	-111.6
1123	200   	-111.703	0.0724137	-112.7	-111.6
1124	200   	-111.699	0.0877439	-112.7	-111  
1125	200   	-111.699	0.0877439	-112.7	-111  
1126	200   	-111.699	0.0877439	-112.7	-111  
1127	200   	-111.699	0.0877439	-112.7	-111  
1128	200   	-111.699	0.0877439	-112.7	-111  
1129	200   	-111.699	0.0877439	-112.7	-111  
1130	200   	-111.699	0.0877439	-112.7	-111  
1131	200   	-111.699	0.0877439	-112.7	-111  
1132	200   	-111.699	0.0880213	-112.7	-111  
1133	200   	-111.699	0.0880213	-112.7	-111  
1134	200   	-111.699	0.0880213	-112.7	-111  
1135	200   	-111.699	0.0880213	-112.7	-111  
1136	200   	-111.699	0.0880213	-112.7	-111  
1137	200   	-111.699	0.0880213	-112.7	-111  
1138	200   	-111.699	0.0880213	-112.7	-111  
1139	200   	-111.699	0.0880213	-112.7	-111  
1140	200   	-111.699	0.0880213	-112.7	-111  
1141	200   	-111.699	0.0880213	-112.7	-111  
1142	200   	-111.699	0.0880213	-112.7	-111  
1143	200   	-111.699	0.0880213	-112.7	-111  
1144	200   	-111.699	0.0880213	-112.7	-111  
1145	200   	-111.699	0.0880213	-112.7	-111  
1146	200   	-111.699	0.0880213	-112.7	-111  
1147	200   	-111.699	0.0880213	-112.7	-111  
1148	200   	-111.699	0.0880213	-112.7	-111  
1149	200   	-111.699	0.0880213	-112.7	-111  
1150	200   	-111.699	0.0880213	-112.7	-111  
1151	200   	-111.699	0.0880213	-112.7	-111  
1152	200   	-111.699	0.0880213	-112.7	-111  
1153	200   	-111.699	0.0880213	-112.7	-111  
1154	200   	-111.699	0.0880213	-112.7	-111  
1155	200   	-111.699	0.0880213	-112.7	-111  
1156	200   	-111.699	0.0880213	-112.7	-111  
1157	200   	-111.699	0.0880213	-112.7	-111  
1158	200   	-111.699	0.0880213	-112.7	-111  
1159	200   	-111.699	0.0880213	-112.7	-111  
1160	200   	-111.699	0.0880213	-112.7	-111  
1161	200   	-111.699	0.0880213	-112.7	-111  
1162	200   	-111.699	0.0880213	-112.7	-111  
1163	200   	-111.699	0.0880213	-112.7	-111  
1164	200   	-111.699	0.0880213	-112.7	-111  
1165	200   	-111.699	0.0880213	-112.7	-111  
1166	200   	-111.698	0.0891277	-112.7	-111  
1167	200   	-111.698	0.0891277	-112.7	-111  
1168	200   	-111.698	0.0891277	-112.7	-111  
1169	200   	-111.698	0.0891277	-112.7	-111  
1170	200   	-111.698	0.0891277	-112.7	-111  
1171	200   	-111.698	0.0891277	-112.7	-111  
1172	200   	-111.698	0.0891277	-112.7	-111  
1173	200   	-111.698	0.0891277	-112.7	-111  
1174	200   	-111.698	0.0891277	-112.7	-111  
1175	200   	-111.698	0.0891277	-112.7	-111  
1176	200   	-111.698	0.0891277	-112.7	-111  
1177	200   	-111.698	0.0891277	-112.7	-111  
1178	200   	-111.698	0.0891277	-112.7	-111  
1179	200   	-111.698	0.0891277	-112.7	-111  
1180	200   	-111.698	0.0891277	-112.7	-111  
1181	200   	-111.698	0.0891277	-112.7	-111  
1182	200   	-111.698	0.0891277	-112.7	-111  
1183	200   	-111.698	0.0891277	-112.7	-111  
1184	200   	-111.698	0.0891277	-112.7	-111  
1185	200   	-111.698	0.0891277	-112.7	-111  
1186	200   	-111.698	0.0891277	-112.7	-111  
1187	200   	-111.698	0.0891277	-112.7	-111  
1188	200   	-111.697	0.0893924	-112.7	-111  
1189	200   	-111.697	0.0893924	-112.7	-111  
1190	200   	-111.697	0.0893924	-112.7	-111  
1191	200   	-111.692	0.0541849	-111.7	-111  
1192	200   	-111.692	0.0541849	-111.7	-111  
1193	200   	-111.689	0.0729229	-111.7	-111  
1194	200   	-111.689	0.0729229	-111.7	-111  
1195	200   	-111.689	0.0729229	-111.7	-111  
1196	200   	-111.689	0.0729229	-111.7	-111  
1197	200   	-111.689	0.0729229	-111.7	-111  
1198	200   	-111.689	0.0729229	-111.7	-111  
1199	200   	-111.689	0.0729229	-111.7	-111  
1200	200   	-111.689	0.0729229	-111.7	-111  
1201	200   	-111.689	0.0729229	-111.7	-111  
1202	200   	-111.686	0.0839032	-111.7	-111  
1203	200   	-111.686	0.0839032	-111.7	-111  
1204	200   	-111.686	0.0839032	-111.7	-111  
1205	200   	-111.686	0.0839032	-111.7	-111  
1206	200   	-111.686	0.0839032	-111.7	-111  
1207	200   	-111.686	0.0839032	-111.7	-111  
1208	200   	-111.686	0.0839032	-111.7	-111  
1209	200   	-111.686	0.0839032	-111.7	-111  
1210	200   	-111.686	0.0839032	-111.7	-111  
1211	200   	-111.686	0.0839032	-111.7	-111  
1212	200   	-111.686	0.0839032	-111.7	-111  
1213	200   	-111.686	0.0839032	-111.7	-111  
1214	200   	-111.686	0.0839032	-111.7	-111  
1215	200   	-111.686	0.0839032	-111.7	-111  
1216	200   	-111.686	0.0839032	-111.7	-111  
1217	200   	-111.686	0.0839032	-111.7	-111  
1218	200   	-111.686	0.0839032	-111.7	-111  
1219	200   	-111.686	0.0839032	-111.7	-111  
1220	200   	-111.686	0.0839032	-111.7	-111  
1221	200   	-111.686	0.0839032	-111.7	-111  
1222	200   	-111.686	0.0839032	-111.7	-111  
1223	200   	-111.686	0.0839032	-111.7	-111  
1224	200   	-111.686	0.0839032	-111.7	-111  
1225	200   	-111.686	0.0839032	-111.7	-111  
1226	200   	-111.686	0.0839032	-111.7	-111  
1227	200   	-111.686	0.0839032	-111.7	-111  
1228	200   	-111.686	0.0839032	-111.7	-111  
1229	200   	-111.686	0.0839032	-111.7	-111  
1230	200   	-111.686	0.0839032	-111.7	-111  
1231	200   	-111.682	0.0968297	-111.7	-111  
1232	200   	-111.682	0.0968297	-111.7	-111  
1233	200   	-111.682	0.0968297	-111.7	-111  
1234	200   	-111.682	0.0968297	-111.7	-111  
1235	200   	-111.682	0.0968297	-111.7	-111  
1236	200   	-111.682	0.0968297	-111.7	-111  
1237	200   	-111.682	0.0968297	-111.7	-111  
1238	200   	-111.682	0.0968297	-111.7	-111  
1239	200   	-111.682	0.0968297	-111.7	-111  
1240	200   	-111.682	0.0968297	-111.7	-111  
1241	200   	-111.682	0.0968297	-111.7	-111  
1242	200   	-111.682	0.0968297	-111.7	-111  
1243	200   	-111.682	0.0968297	-111.7	-111  
1244	200   	-111.682	0.0968297	-111.7	-111  
1245	200   	-111.682	0.0968297	-111.7	-111  
1246	200   	-111.682	0.0968297	-111.7	-111  
1247	200   	-111.679	0.107977 	-111.7	-111  
1248	200   	-111.679	0.107977 	-111.7	-111  
1249	200   	-111.679	0.107977 	-111.7	-111  
1250	200   	-111.675	0.118216 	-111.7	-111  
1251	200   	-111.672	0.127427 	-111.7	-111  
1252	200   	-111.672	0.127427 	-111.7	-111  
1253	200   	-111.672	0.127427 	-111.7	-111  
1254	200   	-111.672	0.127427 	-111.7	-111  
1255	200   	-111.672	0.127427 	-111.7	-111  
1256	200   	-111.672	0.127427 	-111.7	-111  
1257	200   	-111.672	0.127427 	-111.7	-111  
1258	200   	-111.672	0.127427 	-111.7	-111  
1259	200   	-111.672	0.127427 	-111.7	-111  
1260	200   	-111.672	0.127427 	-111.7	-111  
1261	200   	-111.672	0.127427 	-111.7	-111  
1262	200   	-111.672	0.127427 	-111.7	-111  
1263	200   	-111.668	0.135926 	-111.7	-111  
1264	200   	-111.668	0.135926 	-111.7	-111  
1265	200   	-111.668	0.135926 	-111.7	-111  
1266	200   	-111.668	0.135992 	-111.7	-111  
1267	200   	-111.668	0.135992 	-111.7	-111  
1268	200   	-111.668	0.135992 	-111.7	-111  
1269	200   	-111.668	0.135992 	-111.7	-111  
1270	200   	-111.668	0.135992 	-111.7	-111  
1271	200   	-111.668	0.135992 	-111.7	-111  
1272	200   	-111.668	0.135992 	-111.7	-111  
1273	200   	-111.668	0.135992 	-111.7	-111  
1274	200   	-111.668	0.135992 	-111.7	-111  
1275	200   	-111.668	0.135992 	-111.7	-111  
1276	200   	-111.668	0.135992 	-111.7	-111  
1277	200   	-111.668	0.135992 	-111.7	-111  
1278	200   	-111.668	0.135992 	-111.7	-111  
1279	200   	-111.668	0.135992 	-111.7	-111  
1280	200   	-111.668	0.135992 	-111.7	-111  
1281	200   	-111.668	0.135992 	-111.7	-111  
1282	200   	-111.668	0.135992 	-111.7	-111  
1283	200   	-111.668	0.135992 	-111.7	-111  
1284	200   	-111.668	0.135992 	-111.7	-111  
1285	200   	-111.668	0.135992 	-111.7	-111  
1286	200   	-111.668	0.135992 	-111.7	-111  
1287	200   	-111.668	0.135992 	-111.7	-111  
1288	200   	-111.668	0.135992 	-111.7	-111  
1289	200   	-111.664	0.143889 	-111.7	-111  
1290	200   	-111.661	0.151294 	-111.7	-111  
1291	200   	-111.661	0.151294 	-111.7	-111  
1292	200   	-111.661	0.151294 	-111.7	-111  
1293	200   	-111.661	0.151294 	-111.7	-111  
1294	200   	-111.661	0.151294 	-111.7	-111  
1295	200   	-111.661	0.151294 	-111.7	-111  
1296	200   	-111.661	0.151294 	-111.7	-111  
1297	200   	-111.661	0.151294 	-111.7	-111  
1298	200   	-111.661	0.151294 	-111.7	-111  
1299	200   	-111.661	0.151294 	-111.7	-111  
1300	200   	-111.657	0.158275 	-111.7	-111  
1301	200   	-111.657	0.158275 	-111.7	-111  
1302	200   	-111.649	0.17204  	-111.7	-111  
1303	200   	-111.649	0.17204  	-111.7	-111  
1304	200   	-111.645	0.177975 	-111.7	-111  
1305	200   	-111.645	0.177975 	-111.7	-111  
1306	200   	-111.644	0.178225 	-111.7	-111  
1307	200   	-111.644	0.178225 	-111.7	-111  
1308	200   	-111.641	0.183874 	-111.7	-111  
1309	200   	-111.641	0.183874 	-111.7	-111  
1310	200   	-111.641	0.183874 	-111.7	-111  
1311	200   	-111.641	0.183874 	-111.7	-111  
1312	200   	-111.638	0.189324 	-111.7	-111  
1313	200   	-111.638	0.189324 	-111.7	-111  
1314	200   	-111.638	0.189324 	-111.7	-111  
1315	200   	-111.638	0.189324 	-111.7	-111  
1316	200   	-111.638	0.189324 	-111.7	-111  
1317	200   	-111.638	0.189324 	-111.7	-111  
1318	200   	-111.638	0.189324 	-111.7	-111  
1319	200   	-111.638	0.189324 	-111.7	-111  
1320	200   	-111.635	0.194576 	-111.7	-111  
1321	200   	-111.635	0.194576 	-111.7	-111  
1322	200   	-111.635	0.194576 	-111.7	-111  
1323	200   	-111.635	0.194576 	-111.7	-111  
1324	200   	-111.635	0.194576 	-111.7	-111  
1325	200   	-111.631	0.199597 	-111.7	-111  
1326	200   	-111.631	0.199597 	-111.7	-111  
1327	200   	-111.631	0.199597 	-111.7	-111  
1328	200   	-111.631	0.199597 	-111.7	-111  
1329	200   	-111.628	0.204435 	-111.7	-111  
1330	200   	-111.624	0.209103 	-111.7	-111  
1331	200   	-111.621	0.213611 	-111.7	-111  
1332	200   	-111.621	0.213611 	-111.7	-111  
1333	200   	-111.621	0.213611 	-111.7	-111  
1334	200   	-111.618	0.215583 	-111.7	-111  
1335	200   	-111.618	0.215583 	-111.7	-111  
1336	200   	-111.614	0.219782 	-111.7	-111  
1337	200   	-111.614	0.219782 	-111.7	-111  
1338	200   	-111.614	0.219782 	-111.7	-111  
1339	200   	-111.611	0.223919 	-111.7	-111  
1340	200   	-111.611	0.223919 	-111.7	-111  
1341	200   	-111.611	0.223919 	-111.7	-111  
1342	200   	-111.611	0.223919 	-111.7	-111  
1343	200   	-111.607	0.227928 	-111.7	-111  
1344	200   	-111.607	0.227928 	-111.7	-111  
1345	200   	-111.607	0.227928 	-111.7	-111  
1346	200   	-111.607	0.227928 	-111.7	-111  
1347	200   	-111.607	0.227928 	-111.7	-111  
1348	200   	-111.607	0.227928 	-111.7	-111  
1349	200   	-111.604	0.231814 	-111.7	-111  
1350	200   	-111.597	0.239244 	-111.7	-111  
1351	200   	-111.597	0.239244 	-111.7	-111  
1352	200   	-111.597	0.239244 	-111.7	-111  
1353	200   	-111.597	0.239244 	-111.7	-111  
1354	200   	-111.597	0.239244 	-111.7	-111  
1355	200   	-111.593	0.242798 	-111.7	-111  
1356	200   	-111.593	0.242798 	-111.7	-111  
1357	200   	-111.593	0.242798 	-111.7	-111  
1358	200   	-111.59 	0.246251 	-111.7	-111  
1359	200   	-111.59 	0.246251 	-111.7	-111  
1360	200   	-111.59 	0.246251 	-111.7	-111  
1361	200   	-111.59 	0.246251 	-111.7	-111  
1362	200   	-111.583	0.252871 	-111.7	-111  
1363	200   	-111.583	0.252871 	-111.7	-111  
1364	200   	-111.579	0.256045 	-111.7	-111  
1365	200   	-111.579	0.256045 	-111.7	-111  
1366	200   	-111.579	0.256045 	-111.7	-111  
1367	200   	-111.579	0.256045 	-111.7	-111  
1368	200   	-111.579	0.256045 	-111.7	-111  
1369	200   	-111.579	0.256045 	-111.7	-111  
1370	200   	-111.579	0.256045 	-111.7	-111  
1371	200   	-111.576	0.259133 	-111.7	-111  
1372	200   	-111.576	0.259133 	-111.7	-111  
1373	200   	-111.572	0.262137 	-111.7	-111  
1374	200   	-111.559	0.273531 	-111.7	-111  
1375	200   	-111.559	0.273531 	-111.7	-111  
1376	200   	-111.559	0.273531 	-111.7	-111  
1377	200   	-111.556	0.27617  	-111.7	-111  
1378	200   	-111.556	0.27617  	-111.7	-111  
1379	200   	-111.552	0.27874  	-111.7	-111  
1380	200   	-111.552	0.27874  	-111.7	-111  
1381	200   	-111.549	0.281243 	-111.7	-111  
1382	200   	-111.549	0.281243 	-111.7	-111  
1383	200   	-111.549	0.281243 	-111.7	-111  
1384	200   	-111.549	0.281243 	-111.7	-111  
1385	200   	-111.545	0.283681 	-111.7	-111  
1386	200   	-111.535	0.29062  	-111.7	-111  
1387	200   	-111.535	0.29062  	-111.7	-111  
1388	200   	-111.527	0.295755 	-111.7	-111  
1389	200   	-111.527	0.295755 	-111.7	-111  
1390	200   	-111.524	0.297822 	-111.7	-111  
1391	200   	-111.524	0.297822 	-111.7	-111  
1392	200   	-111.52 	0.299833 	-111.7	-111  
1393	200   	-111.513	0.303696 	-111.7	-111  
1394	200   	-111.506	0.30735  	-111.7	-111  
1395	200   	-111.506	0.30735  	-111.7	-111  
1396	200   	-111.505	0.307042 	-111.7	-111  
1397	200   	-111.505	0.307042 	-111.7	-111  
1398	200   	-111.502	0.308784 	-111.7	-111  
1399	200   	-111.502	0.308784 	-111.7	-111  
1400	200   	-111.498	0.310477 	-111.7	-111  
1401	200   	-111.498	0.310477 	-111.7	-111  
1402	200   	-111.491	0.313718 	-111.7	-111  
1403	200   	-111.488	0.315268 	-111.7	-111  
1404	200   	-111.484	0.316771 	-111.7	-111  
1405	200   	-111.481	0.318229 	-111.7	-111  
1406	200   	-111.481	0.318229 	-111.7	-111  
1407	200   	-111.474	0.321011 	-111.7	-111  
1408	200   	-111.463	0.324855 	-111.7	-111  
1409	200   	-111.463	0.324855 	-111.7	-111  
1410	200   	-111.456	0.327206 	-111.7	-111  
1411	200   	-111.456	0.327206 	-111.7	-111  
1412	200   	-111.447	0.330889 	-111.7	-111  
1413	200   	-111.447	0.330889 	-111.7	-111  
1414	200   	-111.443	0.33189  	-111.7	-111  
1415	200   	-111.433	0.334655 	-111.7	-111  
1416	200   	-111.433	0.334655 	-111.7	-111  
1417	200   	-111.433	0.334655 	-111.7	-111  
1418	200   	-111.428	0.334987 	-111.7	-111  
1419	200   	-111.425	0.335782 	-111.7	-111  
1420	200   	-111.425	0.335782 	-111.7	-111  
1421	200   	-111.425	0.335782 	-111.7	-111  
1422	200   	-111.418	0.337259 	-111.7	-111  
1423	200   	-111.418	0.337259 	-111.7	-111  
1424	200   	-111.418	0.337259 	-111.7	-111  
1425	200   	-111.418	0.337259 	-111.7	-111  
1426	200   	-111.411	0.338585 	-111.7	-111  
1427	200   	-111.407	0.339192 	-111.7	-111  
1428	200   	-111.397	0.341161 	-111.7	-111  
1429	200   	-111.387	0.342444 	-111.7	-111  
1430	200   	-111.383	0.342799 	-111.7	-111  
1431	200   	-111.383	0.342799 	-111.7	-111  
1432	200   	-111.376	0.343401 	-111.7	-111  
1433	200   	-111.376	0.343401 	-111.7	-111  
1434	200   	-111.373	0.343648 	-111.7	-111  
1435	200   	-111.366	0.344035 	-111.7	-111  
1436	200   	-111.362	0.344174 	-111.7	-111  
1437	200   	-111.352	0.34438  	-111.7	-111  
1438	200   	-111.35 	0.343656 	-111.7	-111  
1439	200   	-111.344	0.344041 	-111.7	-111  
1440	200   	-111.34 	0.343962 	-111.7	-111  
1441	200   	-111.334	0.344157 	-111.7	-111  
1442	200   	-111.334	0.344157 	-111.7	-111  
1443	200   	-111.331	0.343976 	-111.7	-111  
1444	200   	-111.331	0.343976 	-111.7	-111  
1445	200   	-111.327	0.34376  	-111.7	-111  
1446	200   	-111.317	0.342896 	-111.7	-111  
1447	200   	-111.31 	0.34214  	-111.7	-111  
1448	200   	-111.31 	0.34214  	-111.7	-111  
1449	200   	-111.31 	0.34214  	-111.7	-111  
1450	200   	-111.306	0.341707 	-111.7	-111  
1451	200   	-111.306	0.341707 	-111.7	-111  
1452	200   	-111.302	0.341239 	-111.7	-111  
1453	200   	-111.302	0.341239 	-111.7	-111  
1454	200   	-111.302	0.341239 	-111.7	-111  
1455	200   	-111.302	0.341239 	-111.7	-111  
1456	200   	-111.299	0.340733 	-111.7	-111  
1457	200   	-111.296	0.340191 	-111.7	-111  
1458	200   	-111.295	0.340763 	-111.7	-111  
1459	200   	-111.291	0.340175 	-111.7	-111  
1460	200   	-111.288	0.339549 	-111.7	-111  
1461	200   	-111.288	0.339549 	-111.7	-111  
1462	200   	-111.278	0.338402 	-111.7	-111  
1463	200   	-111.278	0.338402 	-111.7	-111  
1464	200   	-111.278	0.338402 	-111.7	-111  
1465	200   	-111.272	0.337399 	-111.7	-111  
1466	200   	-111.272	0.337399 	-111.7	-111  
1467	200   	-111.268	0.336565 	-111.7	-111  
1468	200   	-111.268	0.336565 	-111.7	-111  
1469	200   	-111.252	0.332863 	-111.7	-111  
1470	200   	-111.252	0.332863 	-111.7	-111  
1471	200   	-111.252	0.332863 	-111.7	-111  
1472	200   	-111.246	0.33209  	-111.7	-111  
1473	200   	-111.246	0.33209  	-111.7	-111  
1474	200   	-111.246	0.33209  	-111.7	-111  
1475	200   	-111.243	0.330974 	-111.7	-111  
1476	200   	-111.236	0.328618 	-111.7	-111  
1477	200   	-111.232	0.327377 	-111.7	-111  
1478	200   	-111.228	0.326095 	-111.7	-111  
1479	200   	-111.228	0.326095 	-111.7	-111  
1480	200   	-111.225	0.324769 	-111.7	-111  
1481	200   	-111.225	0.324769 	-111.7	-111  
1482	200   	-111.222	0.3234   	-111.7	-111  
1483	200   	-111.222	0.3234   	-111.7	-111  
1484	200   	-111.222	0.3234   	-111.7	-111  
1485	200   	-111.217	0.322972 	-111.7	-110.8
1486	200   	-111.214	0.321509 	-111.7	-110.8
1487	200   	-111.214	0.321509 	-111.7	-110.8
1488	200   	-111.21 	0.32     	-111.7	-110.8
1489	200   	-111.21 	0.32     	-111.7	-110.8
1490	200   	-111.21 	0.32     	-111.7	-110.8
1491	200   	-111.21 	0.32     	-111.7	-110.8
1492	200   	-111.203	0.316845 	-111.7	-110.8
1493	200   	-111.196	0.313503 	-111.7	-110.8
1494	200   	-111.189	0.309966 	-111.7	-110.8
1495	200   	-111.189	0.309966 	-111.7	-110.8
1496	200   	-111.189	0.309966 	-111.7	-110.8
1497	200   	-111.189	0.309966 	-111.7	-110.8
1498	200   	-111.186	0.308123 	-111.7	-110.8
1499	200   	-111.186	0.308123 	-111.7	-110.8
1500	200   	-111.186	0.308123 	-111.7	-110.8
1501	200   	-111.186	0.308123 	-111.7	-110.8
1502	200   	-111.182	0.306229 	-111.7	-110.8
1503	200   	-111.18 	0.305663 	-111.7	-110.8
1504	200   	-111.18 	0.305663 	-111.7	-110.8
1505	200   	-111.176	0.303684 	-111.7	-110.8
1506	200   	-111.176	0.303684 	-111.7	-110.8
1507	200   	-111.176	0.303684 	-111.7	-110.8
1508	200   	-111.176	0.303684 	-111.7	-110.8
1509	200   	-111.173	0.302442 	-111.7	-110.8
1510	200   	-111.173	0.302442 	-111.7	-110.8
1511	200   	-111.17 	0.300366 	-111.7	-110.8
1512	200   	-111.166	0.298235 	-111.7	-110.8
1513	200   	-111.166	0.298235 	-111.7	-110.8
1514	200   	-111.162	0.296047 	-111.7	-110.8
1515	200   	-111.159	0.293801 	-111.7	-110.8
1516	200   	-111.155	0.291496 	-111.7	-110.8
1517	200   	-111.155	0.291496 	-111.7	-110.8
1518	200   	-111.155	0.291496 	-111.7	-110.8
1519	200   	-111.152	0.28913  	-111.7	-110.8
1520	200   	-111.148	0.286701 	-111.7	-110.8
1521	200   	-111.148	0.286701 	-111.7	-110.8
1522	200   	-111.148	0.286701 	-111.7	-110.8
1523	200   	-111.145	0.284209 	-111.7	-110.8
1524	200   	-111.145	0.284209 	-111.7	-110.8
1525	200   	-111.145	0.284209 	-111.7	-110.8
1526	200   	-111.142	0.281652 	-111.7	-110.8
1527	200   	-111.142	0.281652 	-111.7	-110.8
1528	200   	-111.142	0.281652 	-111.7	-110.8
1529	200   	-111.138	0.279027 	-111.7	-110.8
1530	200   	-111.138	0.279027 	-111.7	-110.8
1531	200   	-111.138	0.279027 	-111.7	-110.8
1532	200   	-111.135	0.276333 	-111.7	-110.8
1533	200   	-111.135	0.276333 	-111.7	-110.8
1534	200   	-111.127	0.270728 	-111.7	-110.8
1535	200   	-111.127	0.270728 	-111.7	-110.8
1536	200   	-111.127	0.270728 	-111.7	-110.8
1537	200   	-111.127	0.270728 	-111.7	-110.8
1538	200   	-111.127	0.270728 	-111.7	-110.8
1539	200   	-111.127	0.270728 	-111.7	-110.8
1540	200   	-111.127	0.270728 	-111.7	-110.8
1541	200   	-111.127	0.270728 	-111.7	-110.8
1542	200   	-111.127	0.268975 	-111.7	-110.8
1543	200   	-111.127	0.268975 	-111.7	-110.8
1544	200   	-111.127	0.268975 	-111.7	-110.8
1545	200   	-111.127	0.268975 	-111.7	-110.8
1546	200   	-111.127	0.268975 	-111.7	-110.8
1547	200   	-111.127	0.268975 	-111.7	-110.8
1548	200   	-111.127	0.268975 	-111.7	-110.8
1549	200   	-111.123	0.266028 	-111.7	-110.8
1550	200   	-111.123	0.266028 	-111.7	-110.8
1551	200   	-111.123	0.266028 	-111.7	-110.8
1552	200   	-111.123	0.266028 	-111.7	-110.8
1553	200   	-111.12 	0.263001 	-111.7	-110.8
1554	200   	-111.116	0.259892 	-111.7	-110.8
1555	200   	-111.116	0.259892 	-111.7	-110.8
1556	200   	-111.116	0.259892 	-111.7	-110.8
1557	200   	-111.116	0.259892 	-111.7	-110.8
1558	200   	-111.103	0.247677 	-111.7	-110.8
1559	200   	-111.095	0.240478 	-111.7	-110.8
1560	200   	-111.095	0.240478 	-111.7	-110.8
1561	200   	-111.095	0.240478 	-111.7	-110.8
1562	200   	-111.095	0.240478 	-111.7	-110.8
1563	200   	-111.095	0.240478 	-111.7	-110.8
1564	200   	-111.095	0.240478 	-111.7	-110.8
1565	200   	-111.093	0.238854 	-111.7	-110.8
1566	200   	-111.093	0.238854 	-111.7	-110.8
1567	200   	-111.093	0.238854 	-111.7	-110.8
1568	200   	-111.093	0.238854 	-111.7	-110.8
1569	200   	-111.093	0.238854 	-111.7	-110.8
1570	200   	-111.093	0.238854 	-111.7	-110.8
1571	200   	-111.093	0.238854 	-111.7	-110.8
1572	200   	-111.093	0.238854 	-111.7	-110.8
1573	200   	-111.093	0.238854 	-111.7	-110.8
1574	200   	-111.093	0.238854 	-111.7	-110.8
1575	200   	-111.09 	0.235031 	-111.7	-110.8
1576	200   	-111.09 	0.235031 	-111.7	-110.8
1577	200   	-111.09 	0.235031 	-111.7	-110.8
1578	200   	-111.09 	0.235031 	-111.7	-110.8
1579	200   	-111.09 	0.235031 	-111.7	-110.8
1580	200   	-111.086	0.231093 	-111.7	-110.8
1581	200   	-111.086	0.231093 	-111.7	-110.8
1582	200   	-111.086	0.231093 	-111.7	-110.8
1583	200   	-111.086	0.231093 	-111.7	-110.8
1584	200   	-111.086	0.231093 	-111.7	-110.8
1585	200   	-111.086	0.231093 	-111.7	-110.8
1586	200   	-111.086	0.231093 	-111.7	-110.8
1587	200   	-111.086	0.231093 	-111.7	-110.8
1588	200   	-111.086	0.231093 	-111.7	-110.8
1589	200   	-111.086	0.231093 	-111.7	-110.8
1590	200   	-111.079	0.222843 	-111.7	-110.8
1591	200   	-111.079	0.222843 	-111.7	-110.8
1592	200   	-111.075	0.218517 	-111.7	-110.8
1593	200   	-111.075	0.218517 	-111.7	-110.8
1594	200   	-111.075	0.218517 	-111.7	-110.8
1595	200   	-111.075	0.218517 	-111.7	-110.8
1596	200   	-111.075	0.218517 	-111.7	-110.8
1597	200   	-111.072	0.214047 	-111.7	-110.8
1598	200   	-111.072	0.214047 	-111.7	-110.8
1599	200   	-111.069	0.209422 	-111.7	-110.8
1600	200   	-111.069	0.209422 	-111.7	-110.8
1601	200   	-111.061	0.199669 	-111.7	-110.8
1602	200   	-111.061	0.199669 	-111.7	-110.8
1603	200   	-111.058	0.194515 	-111.7	-110.8
1604	200   	-111.058	0.194515 	-111.7	-110.8
1605	200   	-111.058	0.194515 	-111.7	-110.8
1606	200   	-111.058	0.194515 	-111.7	-110.8
1607	200   	-111.058	0.194515 	-111.7	-110.8
1608	200   	-111.058	0.194515 	-111.7	-110.8
1609	200   	-111.058	0.194515 	-111.7	-110.8
1610	200   	-111.058	0.194515 	-111.7	-110.8
1611	200   	-111.058	0.194515 	-111.7	-110.8
1612	200   	-111.055	0.189155 	-111.7	-110.8
1613	200   	-111.055	0.189155 	-111.7	-110.8
1614	200   	-111.055	0.189155 	-111.7	-110.8
1615	200   	-111.055	0.189155 	-111.7	-110.8
1616	200   	-111.055	0.189155 	-111.7	-110.8
1617	200   	-111.055	0.189155 	-111.7	-110.8
1618	200   	-111.055	0.189155 	-111.7	-110.8
1619	200   	-111.055	0.189155 	-111.7	-110.8
1620	200   	-111.055	0.189155 	-111.7	-110.8
1621	200   	-111.055	0.189155 	-111.7	-110.8
1622	200   	-111.055	0.189155 	-111.7	-110.8
1623	200   	-111.055	0.189155 	-111.7	-110.8
1624	200   	-111.055	0.189155 	-111.7	-110.8
1625	200   	-111.055	0.189155 	-111.7	-110.8
1626	200   	-111.055	0.189155 	-111.7	-110.8
1627	200   	-111.051	0.183573 	-111.7	-110.8
1628	200   	-111.051	0.183573 	-111.7	-110.8
1629	200   	-111.051	0.183573 	-111.7	-110.8
1630	200   	-111.051	0.183573 	-111.7	-110.8
1631	200   	-111.047	0.177746 	-111.7	-110.8
1632	200   	-111.043	0.172485 	-111.7	-110.8
1633	200   	-111.043	0.172485 	-111.7	-110.8
1634	200   	-111.04 	0.166102 	-111.7	-110.8
1635	200   	-111.04 	0.166102 	-111.7	-110.8
1636	200   	-111.04 	0.166102 	-111.7	-110.8
1637	200   	-111.04 	0.166102 	-111.7	-110.8
1638	200   	-111.04 	0.166102 	-111.7	-110.8
1639	200   	-111.04 	0.166102 	-111.7	-110.8
1640	200   	-111.04 	0.166102 	-111.7	-110.8
1641	200   	-111.04 	0.166102 	-111.7	-110.8
1642	200   	-111.04 	0.166102 	-111.7	-110.8
1643	200   	-111.04 	0.166102 	-111.7	-110.8
1644	200   	-111.04 	0.166102 	-111.7	-110.8
1645	200   	-111.04 	0.166102 	-111.7	-110.8
1646	200   	-111.04 	0.166102 	-111.7	-110.8
1647	200   	-111.04 	0.166102 	-111.7	-110.8
1648	200   	-111.04 	0.166102 	-111.7	-110.8
1649	200   	-111.04 	0.166102 	-111.7	-110.8
1650	200   	-111.04 	0.166102 	-111.7	-110.8
1651	200   	-111.04 	0.166102 	-111.7	-110.8
1652	200   	-111.04 	0.166102 	-111.7	-110.8
1653	200   	-111.04 	0.166102 	-111.7	-110.8
1654	200   	-111.04 	0.166102 	-111.7	-110.8
1655	200   	-111.036	0.159386 	-111.7	-110.8
1656	200   	-111.036	0.159386 	-111.7	-110.8
1657	200   	-111.036	0.159386 	-111.7	-110.8
1658	200   	-111.036	0.159386 	-111.7	-110.8
1659	200   	-111.032	0.152295 	-111.7	-110.8
1660	200   	-111.032	0.152295 	-111.7	-110.8
1661	200   	-111.032	0.152295 	-111.7	-110.8
1662	200   	-111.032	0.152295 	-111.7	-110.8
1663	200   	-111.032	0.152295 	-111.7	-110.8
1664	200   	-111.032	0.152295 	-111.7	-110.8
1665	200   	-111.032	0.152295 	-111.7	-110.8
1666	200   	-111.032	0.152295 	-111.7	-110.8
1667	200   	-111.032	0.152295 	-111.7	-110.8
1668	200   	-111.032	0.152295 	-111.7	-110.8
1669	200   	-111.032	0.152295 	-111.7	-110.8
1670	200   	-111.032	0.152295 	-111.7	-110.8
1671	200   	-111.032	0.152295 	-111.7	-110.8
1672	200   	-111.032	0.152295 	-111.7	-110.8
1673	200   	-111.032	0.152295 	-111.7	-110.8
1674	200   	-111.032	0.152295 	-111.7	-110.8
1675	200   	-111.032	0.152295 	-111.7	-110.8
1676	200   	-111.032	0.152295 	-111.7	-110.8
1677	200   	-111.032	0.152295 	-111.7	-110.8
1678	200   	-111.032	0.152295 	-111.7	-110.8
1679	200   	-111.029	0.144772 	-111.7	-110.8
1680	200   	-111.029	0.144772 	-111.7	-110.8
1681	200   	-111.029	0.144772 	-111.7	-110.8
1682	200   	-111.029	0.144772 	-111.7	-110.8
1683	200   	-111.029	0.144772 	-111.7	-110.8
1684	200   	-111.029	0.144772 	-111.7	-110.8
1685	200   	-111.026	0.136747 	-111.7	-110.8
1686	200   	-111.026	0.136747 	-111.7	-110.8
1687	200   	-111.026	0.136747 	-111.7	-110.8
1688	200   	-111.022	0.128125 	-111.7	-110.8
1689	200   	-111.022	0.128125 	-111.7	-110.8
1690	200   	-111.022	0.128125 	-111.7	-110.8
1691	200   	-111.022	0.128125 	-111.7	-110.8
1692	200   	-111.022	0.128125 	-111.7	-110.8
1693	200   	-111.022	0.128125 	-111.7	-110.8
1694	200   	-111.022	0.128125 	-111.7	-110.8
1695	200   	-111.022	0.128125 	-111.7	-110.8
1696	200   	-111.022	0.128125 	-111.7	-110.8
1697	200   	-111.022	0.128125 	-111.7	-110.8
1698	200   	-111.022	0.128125 	-111.7	-110.8
1699	200   	-111.022	0.128125 	-111.7	-110.8
1700	200   	-111.022	0.128125 	-111.7	-110.8
1701	200   	-111.022	0.128125 	-111.7	-110.8
1702	200   	-111.022	0.128125 	-111.7	-110.8
1703	200   	-111.022	0.128125 	-111.7	-110.8
1704	200   	-111.022	0.128125 	-111.7	-110.8
1705	200   	-111.022	0.128125 	-111.7	-110.8
1706	200   	-111.022	0.128125 	-111.7	-110.8
1707	200   	-111.022	0.128125 	-111.7	-110.8
1708	200   	-111.022	0.128125 	-111.7	-110.8
1709	200   	-111.022	0.128125 	-111.7	-110.8
1710	200   	-111.022	0.128125 	-111.7	-110.8
1711	200   	-111.022	0.128125 	-111.7	-110.8
1712	200   	-111.022	0.128125 	-111.7	-110.8
1713	200   	-111.022	0.128125 	-111.7	-110.8
1714	200   	-111.022	0.128125 	-111.7	-110.8
1715	200   	-111.022	0.128125 	-111.7	-110.8
1716	200   	-111.022	0.128125 	-111.7	-110.8
1717	200   	-111.022	0.128125 	-111.7	-110.8
1718	200   	-111.022	0.128125 	-111.7	-110.8
1719	200   	-111.022	0.128125 	-111.7	-110.8
1720	200   	-111.022	0.128125 	-111.7	-110.8
1721	200   	-111.022	0.128125 	-111.7	-110.8
1722	200   	-111.022	0.128125 	-111.7	-110.8
1723	200   	-111.022	0.128125 	-111.7	-110.8
1724	200   	-111.022	0.128125 	-111.7	-110.8
1725	200   	-111.022	0.128125 	-111.7	-110.8
1726	200   	-111.022	0.128125 	-111.7	-110.8
1727	200   	-111.022	0.128125 	-111.7	-110.8
1728	200   	-111.022	0.128125 	-111.7	-110.8
1729	200   	-111.022	0.128125 	-111.7	-110.8
1730	200   	-111.022	0.128125 	-111.7	-110.8
1731	200   	-111.022	0.128125 	-111.7	-110.8
1732	200   	-111.022	0.128125 	-111.7	-110.8
1733	200   	-111.017	0.119765 	-111.7	-110.8
1734	200   	-111.017	0.119765 	-111.7	-110.8
1735	200   	-111.017	0.119765 	-111.7	-110.8
1736	200   	-111.017	0.119765 	-111.7	-110.8
1737	200   	-111.017	0.119765 	-111.7	-110.8
1738	200   	-111.017	0.119765 	-111.7	-110.8
1739	200   	-111.017	0.119765 	-111.7	-110.8
1740	200   	-111.017	0.119765 	-111.7	-110.8
1741	200   	-111.017	0.119765 	-111.7	-110.8
1742	200   	-111.016	0.120738 	-111.7	-110.8
1743	200   	-111.016	0.120738 	-111.7	-110.8
1744	200   	-111.016	0.120738 	-111.7	-110.8
1745	200   	-111.016	0.120738 	-111.7	-110.8
1746	200   	-111.016	0.120738 	-111.7	-110.8
1747	200   	-111.016	0.120738 	-111.7	-110.8
1748	200   	-111.016	0.120738 	-111.7	-110.8
1749	200   	-111.016	0.120738 	-111.7	-110.8
1750	200   	-111.016	0.120738 	-111.7	-110.8
1751	200   	-111.016	0.120738 	-111.7	-110.8
1752	200   	-111.016	0.120738 	-111.7	-110.8
1753	200   	-111.016	0.120738 	-111.7	-110.8
1754	200   	-111.016	0.120738 	-111.7	-110.8
1755	200   	-111.016	0.120738 	-111.7	-110.8
1756	200   	-111.016	0.120738 	-111.7	-110.8
1757	200   	-111.016	0.120738 	-111.7	-110.8
1758	200   	-111.016	0.120738 	-111.7	-110.8
1759	200   	-111.016	0.120738 	-111.7	-110.8
1760	200   	-111.016	0.120738 	-111.7	-110.8
1761	200   	-111.016	0.120738 	-111.7	-110.8
1762	200   	-111.016	0.120738 	-111.7	-110.8
1763	200   	-111.016	0.120738 	-111.7	-110.8
1764	200   	-111.016	0.120738 	-111.7	-110.8
1765	200   	-111.016	0.120738 	-111.7	-110.8
1766	200   	-111.016	0.120738 	-111.7	-110.8
1767	200   	-111.013	0.110594 	-111.7	-110.8
1768	200   	-111.013	0.110594 	-111.7	-110.8
1769	200   	-111.013	0.110594 	-111.7	-110.8
1770	200   	-111.013	0.110594 	-111.7	-110.8
1771	200   	-111.013	0.110594 	-111.7	-110.8
1772	200   	-111.012	0.111606 	-111.7	-110.8
1773	200   	-111.011	0.112601 	-111.7	-110.8
1774	200   	-111.011	0.112601 	-111.7	-110.8
1775	200   	-111.011	0.112601 	-111.7	-110.8
1776	200   	-111.011	0.112601 	-111.7	-110.8
1777	200   	-111.011	0.112601 	-111.7	-110.8
1778	200   	-111.011	0.112601 	-111.7	-110.8
1779	200   	-111.011	0.112601 	-111.7	-110.8
1780	200   	-111.011	0.112601 	-111.7	-110.8
1781	200   	-111.011	0.112601 	-111.7	-110.8
1782	200   	-111.011	0.112601 	-111.7	-110.8
1783	200   	-111.011	0.112601 	-111.7	-110.8
1784	200   	-111.011	0.112601 	-111.7	-110.8
1785	200   	-111.011	0.112601 	-111.7	-110.8
1786	200   	-111.011	0.112601 	-111.7	-110.8
1787	200   	-111.007	0.101458 	-111.7	-110.8
1788	200   	-111.007	0.101458 	-111.7	-110.8
1789	200   	-111.007	0.101458 	-111.7	-110.8
1790	200   	-111.007	0.101458 	-111.7	-110.8
1791	200   	-111.007	0.101458 	-111.7	-110.8
1792	200   	-111.007	0.101458 	-111.7	-110.8
1793	200   	-111.007	0.101458 	-111.7	-110.8
1794	200   	-111.007	0.101458 	-111.7	-110.8
1795	200   	-111.007	0.101458 	-111.7	-110.8
1796	200   	-111.007	0.101458 	-111.7	-110.8
1797	200   	-111.007	0.101458 	-111.7	-110.8
1798	200   	-111.007	0.101458 	-111.7	-110.8
1799	200   	-111.007	0.101458 	-111.7	-110.8
1800	200   	-111.007	0.101458 	-111.7	-110.8
1801	200   	-111.007	0.101458 	-111.7	-110.8
1802	200   	-111.007	0.101458 	-111.7	-110.8
1803	200   	-111.007	0.101458 	-111.7	-110.8
1804	200   	-111.007	0.101458 	-111.7	-110.8
1805	200   	-111.007	0.101458 	-111.7	-110.8
1806	200   	-111.007	0.101458 	-111.7	-110.8
1807	200   	-111.007	0.101458 	-111.7	-110.8
1808	200   	-111.007	0.101458 	-111.7	-110.8
1809	200   	-111.007	0.101458 	-111.7	-110.8
1810	200   	-111.007	0.102507 	-111.7	-110.8
1811	200   	-111.007	0.102507 	-111.7	-110.8
1812	200   	-111.007	0.102507 	-111.7	-110.8
1813	200   	-111.007	0.102507 	-111.7	-110.8
1814	200   	-111.007	0.102507 	-111.7	-110.8
1815	200   	-111.007	0.102507 	-111.7	-110.8
1816	200   	-111.003	0.08995  	-111.7	-110.8
1817	200   	-111.003	0.08995  	-111.7	-110.8
1818	200   	-111    	0.0751648	-111.7	-110.8
1819	200   	-111    	0.0751648	-111.7	-110.8
1820	200   	-111    	0.0751648	-111.7	-110.8
1821	200   	-111    	0.0751648	-111.7	-110.8
1822	200   	-111    	0.0751648	-111.7	-110.8
1823	200   	-111    	0.0751648	-111.7	-110.8
1824	200   	-111    	0.0751648	-111.7	-110.8
1825	200   	-111    	0.0751648	-111.7	-110.8
1826	200   	-111    	0.0751648	-111.7	-110.8
1827	200   	-111    	0.0751648	-111.7	-110.8
1828	200   	-110.997	0.0619496	-111.7	-110.8
1829	200   	-110.997	0.0619496	-111.7	-110.8
1830	200   	-110.997	0.0619496	-111.7	-110.8
1831	200   	-110.997	0.0619496	-111.7	-110.8
1832	200   	-110.997	0.0619496	-111.7	-110.8
1833	200   	-110.997	0.0619496	-111.7	-110.8
1834	200   	-110.997	0.0619496	-111.7	-110.8
1835	200   	-110.997	0.0619496	-111.7	-110.8
1836	200   	-110.997	0.0619496	-111.7	-110.8
1837	200   	-110.997	0.0619496	-111.7	-110.8
1838	200   	-110.997	0.0619496	-111.7	-110.8
1839	200   	-110.997	0.0619496	-111.7	-110.8
1840	200   	-110.997	0.0619496	-111.7	-110.8
1841	200   	-110.997	0.0619496	-111.7	-110.8
1842	200   	-110.997	0.0619496	-111.7	-110.8
1843	200   	-110.997	0.0619496	-111.7	-110.8
1844	200   	-110.997	0.0619496	-111.7	-110.8
1845	200   	-110.997	0.0619496	-111.7	-110.8
1846	200   	-110.997	0.0619496	-111.7	-110.8
1847	200   	-110.996	0.0634803	-111.7	-110.8
1848	200   	-110.996	0.0634803	-111.7	-110.8
1849	200   	-110.996	0.0634803	-111.7	-110.8
1850	200   	-110.996	0.0634803	-111.7	-110.8
1851	200   	-110.996	0.0634803	-111.7	-110.8
1852	200   	-110.996	0.0634803	-111.7	-110.8
1853	200   	-110.996	0.0634803	-111.7	-110.8
1854	200   	-110.996	0.0634803	-111.7	-110.8
1855	200   	-110.996	0.0634803	-111.7	-110.8
1856	200   	-110.996	0.0634803	-111.7	-110.8
1857	200   	-110.996	0.0634803	-111.7	-110.8
1858	200   	-110.996	0.0634803	-111.7	-110.8
1859	200   	-110.996	0.0634803	-111.7	-110.8
1860	200   	-110.996	0.0634803	-111.7	-110.8
1861	200   	-110.996	0.0634803	-111.7	-110.8
1862	200   	-110.996	0.0634803	-111.7	-110.8
1863	200   	-110.996	0.0634803	-111.7	-110.8
1864	200   	-110.996	0.0634803	-111.7	-110.8
1865	200   	-110.996	0.0634803	-111.7	-110.8
1866	200   	-110.996	0.0634803	-111.7	-110.8
1867	200   	-110.996	0.0634803	-111.7	-110.8
1868	200   	-110.996	0.0634803	-111.7	-110.8
1869	200   	-110.996	0.0634803	-111.7	-110.8
1870	200   	-110.996	0.0634803	-111.7	-110.8
1871	200   	-110.996	0.0634803	-111.7	-110.8
1872	200   	-110.996	0.0634803	-111.7	-110.8
1873	200   	-110.996	0.0634803	-111.7	-110.8
1874	200   	-110.996	0.0634803	-111.7	-110.8
1875	200   	-110.996	0.0634803	-111.7	-110.8
1876	200   	-110.996	0.0634803	-111.7	-110.8
1877	200   	-110.996	0.0634803	-111.7	-110.8
1878	200   	-110.996	0.0634803	-111.7	-110.8
1879	200   	-110.996	0.0634803	-111.7	-110.8
1880	200   	-110.996	0.0634803	-111.7	-110.8
1881	200   	-110.993	0.041845 	-111.2	-110.8
1882	200   	-110.992	0.044    	-111.2	-110.8
1883	200   	-110.992	0.044    	-111.2	-110.8
1884	200   	-110.992	0.044    	-111.2	-110.8
1885	200   	-110.992	0.044    	-111.2	-110.8
1886	200   	-110.992	0.044    	-111.2	-110.8
1887	200   	-110.992	0.044    	-111.2	-110.8
1888	200   	-110.992	0.044    	-111.2	-110.8
1889	200   	-110.992	0.044    	-111.2	-110.8
1890	200   	-110.992	0.044    	-111.2	-110.8
1891	200   	-110.992	0.044    	-111.2	-110.8
1892	200   	-110.992	0.044    	-111.2	-110.8
1893	200   	-110.992	0.044    	-111.2	-110.8
1894	200   	-110.992	0.044    	-111.2	-110.8
1895	200   	-110.992	0.044    	-111.2	-110.8
1896	200   	-110.992	0.044    	-111.2	-110.8
1897	200   	-110.992	0.044    	-111.2	-110.8
1898	200   	-110.992	0.044    	-111.2	-110.8
1899	200   	-110.992	0.044    	-111.2	-110.8
1900	200   	-110.992	0.044    	-111.2	-110.8
1901	200   	-110.992	0.044    	-111.2	-110.8
1902	200   	-110.992	0.044    	-111.2	-110.8
1903	200   	-110.992	0.044    	-111.2	-110.8
1904	200   	-110.992	0.044    	-111.2	-110.8
1905	200   	-110.992	0.044    	-111.2	-110.8
1906	200   	-110.992	0.044    	-111.2	-110.8
1907	200   	-110.992	0.044    	-111.2	-110.8
1908	200   	-110.992	0.044    	-111.2	-110.8
1909	200   	-110.992	0.044    	-111.2	-110.8
1910	200   	-110.992	0.044    	-111.2	-110.8
1911	200   	-110.992	0.044    	-111.2	-110.8
1912	200   	-110.991	0.0460326	-111.2	-110.8
1913	200   	-110.991	0.0460326	-111.2	-110.8
1914	200   	-110.991	0.0460326	-111.2	-110.8
1915	200   	-110.991	0.0460326	-111.2	-110.8
1916	200   	-110.991	0.0460326	-111.2	-110.8
1917	200   	-110.991	0.0460326	-111.2	-110.8
1918	200   	-110.991	0.0460326	-111.2	-110.8
1919	200   	-110.991	0.0460326	-111.2	-110.8
1920	200   	-110.991	0.0460326	-111.2	-110.8
1921	200   	-110.991	0.0460326	-111.2	-110.8
1922	200   	-110.99 	0.0479583	-111.2	-110.8
1923	200   	-110.99 	0.0479583	-111.2	-110.8
1924	200   	-110.99 	0.0479583	-111.2	-110.8
1925	200   	-110.989	0.0497896	-111.2	-110.8
1926	200   	-110.989	0.0497896	-111.2	-110.8
1927	200   	-110.989	0.0497896	-111.2	-110.8
1928	200   	-110.989	0.0497896	-111.2	-110.8
1929	200   	-110.989	0.0497896	-111.2	-110.8
1930	200   	-110.989	0.0497896	-111.2	-110.8
1931	200   	-110.989	0.0497896	-111.2	-110.8
1932	200   	-110.989	0.0497896	-111.2	-110.8
1933	200   	-110.989	0.0497896	-111.2	-110.8
1934	200   	-110.989	0.0497896	-111.2	-110.8
1935	200   	-110.989	0.0497896	-111.2	-110.8
1936	200   	-110.989	0.0497896	-111.2	-110.8
1937	200   	-110.989	0.0497896	-111.2	-110.8
1938	200   	-110.989	0.0497896	-111.2	-110.8
1939	200   	-110.989	0.0497896	-111.2	-110.8
1940	200   	-110.989	0.0497896	-111.2	-110.8
1941	200   	-110.986	0.0648383	-111.2	-110.4
1942	200   	-110.986	0.0648383	-111.2	-110.4
1943	200   	-110.986	0.0648383	-111.2	-110.4
1944	200   	-110.985	0.0630476	-111  	-110.4
1945	200   	-110.985	0.0630476	-111  	-110.4
1946	200   	-110.984	0.0643739	-111  	-110.4
1947	200   	-110.984	0.0643739	-111  	-110.4
1948	200   	-110.984	0.0643739	-111  	-110.4
1949	200   	-110.984	0.0643739	-111  	-110.4
1950	200   	-110.984	0.0643739	-111  	-110.4
1951	200   	-110.984	0.0643739	-111  	-110.4
1952	200   	-110.983	0.0656582	-111  	-110.4
1953	200   	-110.983	0.0656582	-111  	-110.4
1954	200   	-110.983	0.0656582	-111  	-110.4
1955	200   	-110.983	0.0656582	-111  	-110.4
1956	200   	-110.983	0.0656582	-111  	-110.4
1957	200   	-110.983	0.0656582	-111  	-110.4
1958	200   	-110.983	0.0656582	-111  	-110.4
1959	200   	-110.983	0.0656582	-111  	-110.4
1960	200   	-110.983	0.0656582	-111  	-110.4
1961	200   	-110.983	0.0656582	-111  	-110.4
1962	200   	-110.982	0.0669029	-111  	-110.4
1963	200   	-110.982	0.0669029	-111  	-110.4
1964	200   	-110.982	0.0669029	-111  	-110.4
1965	200   	-110.982	0.0669029	-111  	-110.4
1966	200   	-110.982	0.0669029	-111  	-110.4
1967	200   	-110.982	0.0669029	-111  	-110.4
1968	200   	-110.982	0.0669029	-111  	-110.4
1969	200   	-110.981	0.0681102	-111  	-110.4
1970	200   	-110.981	0.0681102	-111  	-110.4
1971	200   	-110.981	0.0681102	-111  	-110.4
1972	200   	-110.981	0.0681102	-111  	-110.4
1973	200   	-110.981	0.0681102	-111  	-110.4
1974	200   	-110.981	0.0681102	-111  	-110.4
1975	200   	-110.981	0.0681102	-111  	-110.4
1976	200   	-110.981	0.0681102	-111  	-110.4
1977	200   	-110.981	0.0681102	-111  	-110.4
1978	200   	-110.981	0.0681102	-111  	-110.4
1979	200   	-110.981	0.0681102	-111  	-110.4
1980	200   	-110.981	0.0681102	-111  	-110.4
1981	200   	-110.981	0.0681102	-111  	-110.4
1982	200   	-110.981	0.0681102	-111  	-110.4
1983	200   	-110.981	0.0681102	-111  	-110.4
1984	200   	-110.979	0.0784793	-111  	-110.4
1985	200   	-110.979	0.0784793	-111  	-110.4
1986	200   	-110.979	0.0784793	-111  	-110.4
1987	200   	-110.979	0.0784793	-111  	-110.4
1988	200   	-110.978	0.0794733	-111  	-110.4
1989	200   	-110.978	0.0794733	-111  	-110.4
1990	200   	-110.978	0.0794733	-111  	-110.4
1991	200   	-110.978	0.0794733	-111  	-110.4
1992	200   	-110.978	0.0794733	-111  	-110.4
1993	200   	-110.978	0.0794733	-111  	-110.4
1994	200   	-110.978	0.0794733	-111  	-110.4
1995	200   	-110.977	0.0804425	-111  	-110.4
1996	200   	-110.977	0.0804425	-111  	-110.4
1997	200   	-110.977	0.0804425	-111  	-110.4
1998	200   	-110.977	0.0804425	-111  	-110.4
1999	200   	-110.977	0.0804425	-111  	-110.4
2000	200   	-110.977	0.0804425	-111  	-110.4