gen 	nevals	avg     	std    	min   	max   
0   	200   	-399.894	346.473	-1000 	-183.5
1   	200   	-239.859	174.393	-1000 	-183.5
2   	200   	-203.826	56.4546	-1000 	-183.5
3   	200   	-199.618	2.48858	-200  	-170.6
4   	200   	-199.458	2.66523	-200  	-170.6
5   	200   	-199.193	3.52778	-200  	-168  
6   	200   	-198.713	4.44406	-200  	-168  
7   	200   	-198.365	4.88945	-200  	-168  
8   	200   	-197.4  	7.03903	-200  	-155.1
9   	200   	-196.418	8.94065	-200  	-139.3
10  	200   	-195.675	9.66498	-200  	-139.3
11  	200   	-194.96 	10.2764	-200  	-139.3
12  	200   	-194.088	11.3758	-200  	-133.1
13  	200   	-192.968	12.5895	-200  	-132.8
14  	200   	-192.604	12.5768	-200  	-132.8
15  	200   	-191.29 	14.5086	-200  	-132.8
16  	200   	-190.089	15.6295	-200  	-132.8
17  	200   	-189.38 	16.1205	-200  	-132.8
18  	200   	-187.947	17.4122	-200  	-132.8
19  	200   	-186.106	18.5012	-200  	-132.8
20  	200   	-184.307	19.3391	-200  	-132.8
21  	200   	-183.353	19.6438	-200  	-132.8
22  	200   	-181.153	20.7358	-200  	-132.2
23  	200   	-179.422	21.1599	-200  	-132.2
24  	200   	-177.526	21.5611	-200  	-132.2
25  	200   	-176.54 	21.4245	-200  	-132.2
26  	200   	-174.741	21.4434	-200  	-132.2
27  	200   	-173.132	21.7364	-200  	-132.2
28  	200   	-171.577	22.2625	-200  	-132.2
29  	200   	-169.953	22.4861	-200  	-132.2
30  	200   	-169    	22.443 	-200  	-132.2
31  	200   	-166.993	22.326 	-200  	-132.2
32  	200   	-166.068	22.1758	-200  	-132.2
33  	200   	-164.558	22.2209	-200  	-132.2
34  	200   	-163.788	22.0349	-200  	-132.2
35  	200   	-162.643	21.615 	-200  	-132.2
36  	200   	-162.321	21.5861	-200  	-132.2
37  	200   	-161.625	21.4531	-200  	-127.8
38  	200   	-160.574	21.086 	-200  	-127.8
39  	200   	-159.709	20.9703	-200  	-127.8
40  	200   	-158.653	20.7389	-200  	-127.8
41  	200   	-158.641	20.7255	-200  	-127.8
42  	200   	-158.233	20.6775	-200  	-127.8
43  	200   	-156.792	20.2678	-200  	-127.8
44  	200   	-156.276	20.1092	-200  	-127.8
45  	200   	-155.435	19.9884	-200  	-127.8
46  	200   	-154.714	19.8811	-200  	-127.8
47  	200   	-153.952	19.4415	-200  	-127.8
48  	200   	-153.633	19.267 	-200  	-127.8
49  	200   	-153.139	19.0599	-200  	-127.8
50  	200   	-152.874	18.9279	-200  	-127.8
51  	200   	-152.617	18.6259	-200  	-127.8
52  	200   	-152.16 	18.2979	-200  	-127.8
53  	200   	-151.554	18.0125	-200  	-127.8
54  	200   	-151.533	17.9833	-200  	-127.8
55  	200   	-151.171	17.8993	-200  	-127.8
56  	200   	-150.665	17.7407	-200  	-127.8
57  	200   	-150.279	17.742 	-200  	-127.8
58  	200   	-150.113	17.4848	-200  	-127.8
59  	200   	-149.691	17.3638	-200  	-127.8
60  	200   	-149.57 	17.1921	-200  	-127.8
61  	200   	-149.44 	17.0633	-200  	-127.8
62  	200   	-149.316	16.9505	-200  	-127.8
63  	200   	-149.068	16.804 	-200  	-127.8
64  	200   	-148.834	16.7821	-200  	-127.8
65  	200   	-148.183	16.3284	-200  	-127.8
66  	200   	-147.83 	16.0044	-200  	-127.8
67  	200   	-147.235	15.9575	-200  	-127.8
68  	200   	-147.017	15.8017	-200  	-127.8
69  	200   	-146.836	15.6694	-200  	-127.8
70  	200   	-146.76 	15.655 	-200  	-127.8
71  	200   	-146.252	15.4228	-200  	-127.8
72  	200   	-146.083	15.2109	-200  	-127.8
73  	200   	-145.615	14.6639	-186.3	-127.8
74  	200   	-145.234	14.5091	-186.3	-127.8
75  	200   	-145.051	14.2515	-184.3	-127.8
76  	200   	-144.726	14.0335	-184.3	-127.8
77  	200   	-144.652	14.0314	-184.3	-127.8
78  	200   	-144.537	14.0313	-184.3	-127.8
79  	200   	-144.405	14.0236	-184.3	-127.8
80  	200   	-144.385	13.9872	-184.3	-127.8
81  	200   	-144.151	13.8767	-184.3	-127.8
82  	200   	-144.106	13.854 	-184.3	-127.8
83  	200   	-143.516	13.506 	-184.3	-127.8
84  	200   	-143.466	13.5285	-184.3	-127.8
85  	200   	-143.006	13.1494	-184.3	-127.8
86  	200   	-142.641	12.8296	-183.6	-127.8
87  	200   	-142.606	12.8459	-183.6	-127.8
88  	200   	-142.606	12.8459	-183.6	-127.8
89  	200   	-142.343	12.6654	-183.6	-127.8
90  	200   	-142.326	12.6724	-183.6	-127.8
91  	200   	-142.068	12.5673	-183.6	-127.8
92  	200   	-141.7  	12.0556	-183.6	-127.8
93  	200   	-141.7  	12.0556	-183.6	-127.8
94  	200   	-141.7  	12.0556	-183.6	-127.8
95  	200   	-141.415	11.7965	-183.6	-127.8
96  	200   	-141.327	11.6406	-183.6	-127.8
97  	200   	-141.276	11.6296	-183.6	-127.8
98  	200   	-141.276	11.6296	-183.6	-127.8
99  	200   	-141.268	11.6051	-183.6	-127.8
100 	200   	-141.106	11.5199	-183.6	-127.8
101 	200   	-140.995	11.5155	-183.6	-127.8
102 	200   	-140.924	11.4732	-183.6	-127.8
103 	200   	-140.633	11.2188	-183.6	-127.8
104 	200   	-140.57 	11.1924	-183.6	-127.8
105 	200   	-140.51 	11.1238	-183.6	-127.8
106 	200   	-140.346	10.8497	-183.6	-127.8
107 	200   	-140.264	10.7949	-182.2	-127.8
108 	200   	-140.203	10.7282	-182.2	-127.8
109 	200   	-139.982	10.4644	-182.2	-127.8
110 	200   	-139.963	10.4386	-182.2	-127.8
111 	200   	-139.841	10.2983	-182.2	-127.8
112 	200   	-139.745	10.2712	-182.2	-127.8
113 	200   	-139.655	10.114 	-182.2	-127.8
114 	200   	-139.338	9.7753 	-182.2	-127.8
115 	200   	-139.088	9.52404	-182.2	-127.8
116 	200   	-138.942	9.14797	-182.2	-127.8
117 	200   	-138.887	9.15074	-182.2	-127.8
118 	200   	-138.614	9.0272 	-182.2	-127.8
119 	200   	-138.407	8.52263	-182.2	-127.8
120 	200   	-138.407	8.52263	-182.2	-127.8
121 	200   	-138.341	8.3677 	-182.2	-127.8
122 	200   	-138.224	8.30105	-182.2	-127.8
123 	200   	-138.146	8.22633	-182.2	-127.8
124 	200   	-138.146	8.22633	-182.2	-127.8
125 	200   	-138.023	8.12337	-182.2	-127.8
126 	200   	-137.936	7.83832	-175.3	-127.8
127 	200   	-137.935	7.83862	-175.3	-127.8
128 	200   	-137.682	7.59689	-175.3	-127.8
129 	200   	-137.682	7.59689	-175.3	-127.8
130 	200   	-137.678	7.59833	-175.3	-127.8
131 	200   	-137.65 	7.58493	-175.3	-127.8
132 	200   	-137.65 	7.58493	-175.3	-127.8
133 	200   	-137.637	7.58054	-175.3	-127.8
134 	200   	-137.541	7.51555	-175.3	-127.8
135 	200   	-137.476	7.44518	-175.3	-127.8
136 	200   	-137.471	7.43854	-175.3	-127.8
137 	200   	-137.471	7.43854	-175.3	-127.8
138 	200   	-137.356	7.01666	-173.6	-127.8
139 	200   	-137.304	6.96864	-173.6	-127.8
140 	200   	-137.293	6.97655	-173.6	-127.8
141 	200   	-137.292	6.97408	-173.6	-127.8
142 	200   	-137.292	6.97408	-173.6	-127.8
143 	200   	-137.231	6.95623	-173.6	-127.8
144 	200   	-137.195	6.9591 	-173.6	-127.8
145 	200   	-137.176	6.95524	-173.6	-127.8
146 	200   	-137.176	6.95524	-173.6	-127.8
147 	200   	-136.948	6.52865	-173.6	-127.8
148 	200   	-136.947	6.52973	-173.6	-127.8
149 	200   	-136.915	6.51902	-173.6	-127.8
150 	200   	-136.891	6.52401	-173.6	-127.8
151 	200   	-136.791	6.55578	-173.6	-127.8
152 	200   	-136.791	6.55578	-173.6	-127.8
153 	200   	-136.791	6.55607	-173.6	-127.8
154 	200   	-136.685	6.45353	-173.6	-127.8
155 	200   	-136.549	6.4229 	-173.6	-127.8
156 	200   	-136.513	6.42475	-173.6	-127.8
157 	200   	-136.487	6.44966	-173.6	-127.8
158 	200   	-136.326	6.31894	-173.6	-127.8
159 	200   	-136.326	6.31894	-173.6	-127.8
160 	200   	-136.312	6.32299	-173.6	-127.8
161 	200   	-136.288	6.32603	-173.6	-127.8
162 	200   	-136.288	6.32603	-173.6	-127.8
163 	200   	-136.249	6.30422	-173.6	-127.8
164 	200   	-136.191	6.28554	-173.6	-127.8
165 	200   	-136.177	6.28929	-173.6	-127.8
166 	200   	-136.177	6.28929	-173.6	-127.8
167 	200   	-136.177	6.28929	-173.6	-127.8
168 	200   	-136.112	6.18134	-173.6	-127.8
169 	200   	-136.112	6.18134	-173.6	-127.8
170 	200   	-136.108	6.18321	-173.6	-127.8
171 	200   	-136.106	6.18395	-173.6	-127.8
172 	200   	-136.106	6.18395	-173.6	-127.8
173 	200   	-136.076	6.18287	-173.6	-127.8
174 	200   	-136.059	6.15451	-173.6	-127.8
175 	200   	-136.026	6.16124	-173.6	-127.8
176 	200   	-135.979	6.14828	-173.6	-127.8
177 	200   	-135.938	6.14043	-173.6	-127.8
178 	200   	-135.876	6.08768	-173.6	-127.8
179 	200   	-135.876	6.08768	-173.6	-127.8
180 	200   	-135.665	5.8538 	-173.6	-127.8
181 	200   	-135.561	5.79937	-173.6	-127.8
182 	200   	-135.56 	5.79929	-173.6	-127.8
183 	200   	-135.548	5.79434	-173.6	-127.8
184 	200   	-135.522	5.769  	-173.6	-127.8
185 	200   	-135.514	5.77312	-173.6	-127.8
186 	200   	-135.514	5.77312	-173.6	-127.8
187 	200   	-135.48 	5.76977	-173.6	-127.8
188 	200   	-135.48 	5.76977	-173.6	-127.8
189 	200   	-135.451	5.76737	-173.6	-127.8
190 	200   	-135.451	5.76737	-173.6	-127.8
191 	200   	-135.422	5.76424	-173.6	-127.8
192 	200   	-135.421	5.76462	-173.6	-127.8
193 	200   	-135.409	5.76694	-173.6	-127.8
194 	200   	-135.309	5.624  	-173.6	-127.8
195 	200   	-135.309	5.624  	-173.6	-127.8
196 	200   	-135.309	5.624  	-173.6	-127.8
197 	200   	-135.299	5.61743	-173.6	-127.8
198 	200   	-135.21 	5.49028	-173.6	-127.8
199 	200   	-135.21 	5.49028	-173.6	-127.8
200 	200   	-135.21 	5.49028	-173.6	-127.8
201 	200   	-135.21 	5.49028	-173.6	-127.8
202 	200   	-135.114	5.35686	-173.6	-127.8
203 	200   	-134.945	4.84882	-162.7	-122.7
204 	200   	-134.825	4.65785	-162.7	-122.7
205 	200   	-134.807	4.63778	-162.7	-122.7
206 	200   	-134.782	4.63307	-162.7	-122.7
207 	200   	-134.734	4.63989	-162.7	-122.7
208 	200   	-134.734	4.63989	-162.7	-122.7
209 	200   	-134.733	4.64024	-162.7	-122.7
210 	200   	-134.73 	4.64143	-162.7	-122.7
211 	200   	-134.73 	4.64143	-162.7	-122.7
212 	200   	-134.714	4.63244	-162.7	-122.7
213 	200   	-134.705	4.6338 	-162.7	-122.7
214 	200   	-134.649	4.6133 	-162.7	-122.7
215 	200   	-134.649	4.6133 	-162.7	-122.7
216 	200   	-134.624	4.63674	-162.7	-122.7
217 	200   	-134.617	4.63797	-162.7	-122.7
218 	200   	-134.617	4.63797	-162.7	-122.7
219 	200   	-134.556	4.60342	-162.7	-122.7
220 	200   	-134.52 	4.58648	-162.7	-122.7
221 	200   	-134.485	4.55036	-162.7	-122.7
222 	200   	-134.485	4.55036	-162.7	-122.7
223 	200   	-134.485	4.55036	-162.7	-122.7
224 	200   	-134.485	4.55036	-162.7	-122.7
225 	200   	-134.48 	4.55243	-162.7	-122.7
226 	200   	-134.4  	4.49611	-162.7	-122.7
227 	200   	-134.4  	4.49611	-162.7	-122.7
228 	200   	-134.332	4.45676	-162.7	-122.7
229 	200   	-134.332	4.45676	-162.7	-122.7
230 	200   	-134.332	4.45676	-162.7	-122.7
231 	200   	-134.196	4.24042	-162.7	-122.7
232 	200   	-134.196	4.24042	-162.7	-122.7
233 	200   	-134.196	4.24042	-162.7	-122.7
234 	200   	-134.196	4.24042	-162.7	-122.7
235 	200   	-134.141	4.19552	-162.7	-122.7
236 	200   	-134.136	4.19626	-162.7	-122.7
237 	200   	-134.062	4.16768	-162.7	-122.7
238 	200   	-134.062	4.16768	-162.7	-122.7
239 	200   	-133.998	4.08253	-162.7	-122.7
240 	200   	-133.954	4.0738 	-162.7	-122.7
241 	200   	-133.954	4.0738 	-162.7	-122.7
242 	200   	-133.954	4.0738 	-162.7	-122.7
243 	200   	-133.906	4.0276 	-162.7	-122.7
244 	200   	-133.887	4.02092	-162.7	-122.7
245 	200   	-133.887	4.02092	-162.7	-122.7
246 	200   	-133.887	4.02092	-162.7	-122.7
247 	200   	-133.887	4.02092	-162.7	-122.7
248 	200   	-133.887	4.02092	-162.7	-122.7
249 	200   	-133.854	3.99763	-162.7	-122.7
250 	200   	-133.854	3.99763	-162.7	-122.7
251 	200   	-133.802	4.0084 	-162.7	-122.7
252 	200   	-133.792	4.01297	-162.7	-122.7
253 	200   	-133.767	4.00215	-162.7	-122.7
254 	200   	-133.767	4.00215	-162.7	-122.7
255 	200   	-133.752	3.99937	-162.7	-122.7
256 	200   	-133.752	3.99937	-162.7	-122.7
257 	200   	-133.752	3.99937	-162.7	-122.7
258 	200   	-133.752	3.99937	-162.7	-122.7
259 	200   	-133.75 	3.99989	-162.7	-122.7
260 	200   	-133.75 	3.99989	-162.7	-122.7
261 	200   	-133.75 	3.99989	-162.7	-122.7
262 	200   	-133.723	4.0216 	-162.7	-122.7
263 	200   	-133.723	4.0216 	-162.7	-122.7
264 	200   	-133.723	4.0216 	-162.7	-122.7
265 	200   	-133.714	4.01988	-162.7	-122.7
266 	200   	-133.714	4.01988	-162.7	-122.7
267 	200   	-133.684	4.00259	-162.7	-122.7
268 	200   	-133.684	4.00259	-162.7	-122.7
269 	200   	-133.659	3.96174	-162.7	-122.7
270 	200   	-133.659	3.96174	-162.7	-122.7
271 	200   	-133.631	3.9834 	-162.7	-122.7
272 	200   	-133.631	3.9834 	-162.7	-122.7
273 	200   	-133.609	3.94755	-162.7	-122.7
274 	200   	-133.609	3.94755	-162.7	-122.7
275 	200   	-133.609	3.94755	-162.7	-122.7
276 	200   	-133.609	3.94755	-162.7	-122.7
277 	200   	-133.513	3.71866	-162.7	-122.7
278 	200   	-133.512	3.71876	-162.7	-122.7
279 	200   	-133.512	3.71876	-162.7	-122.7
280 	200   	-133.488	3.71382	-162.7	-122.7
281 	200   	-133.488	3.71382	-162.7	-122.7
282 	200   	-133.483	3.71483	-162.7	-122.7
283 	200   	-133.483	3.71483	-162.7	-122.7
284 	200   	-133.483	3.71483	-162.7	-122.7
285 	200   	-133.376	3.13339	-151.6	-122.7
286 	200   	-133.361	3.12792	-151.6	-122.7
287 	200   	-133.361	3.12792	-151.6	-122.7
288 	200   	-133.357	3.12876	-151.6	-122.7
289 	200   	-133.357	3.12876	-151.6	-122.7
290 	200   	-133.341	3.12185	-151.6	-122.7
291 	200   	-133.341	3.12185	-151.6	-122.7
292 	200   	-133.32 	3.02989	-151.6	-122.7
293 	200   	-133.292	3.00492	-151.6	-122.7
294 	200   	-133.292	3.00492	-151.6	-122.7
295 	200   	-133.292	3.00492	-151.6	-122.7
296 	200   	-133.292	3.00492	-151.6	-122.7
297 	200   	-133.275	2.99906	-151.6	-122.7
298 	200   	-133.275	2.99906	-151.6	-122.7
299 	200   	-133.273	2.99931	-151.6	-122.7
300 	200   	-133.256	3.00988	-151.6	-122.7
301 	200   	-133.255	3.00993	-151.6	-122.7
302 	200   	-133.255	3.00993	-151.6	-122.7
303 	200   	-133.24 	2.96801	-151.6	-122.7
304 	200   	-133.24 	2.96801	-151.6	-122.7
305 	200   	-133.24 	2.96801	-151.6	-122.7
306 	200   	-133.232	2.93477	-151.6	-122.7
307 	200   	-133.232	2.93477	-151.6	-122.7
308 	200   	-133.232	2.93477	-151.6	-122.7
309 	200   	-133.231	2.93473	-151.6	-122.7
310 	200   	-133.231	2.93473	-151.6	-122.7
311 	200   	-133.231	2.93473	-151.6	-122.7
312 	200   	-133.15 	2.87679	-146  	-122.7
313 	200   	-133.15 	2.87679	-146  	-122.7
314 	200   	-133.15 	2.87679	-146  	-122.7
315 	200   	-133.15 	2.87679	-146  	-122.7
316 	200   	-133.15 	2.87679	-146  	-122.7
317 	200   	-133.15 	2.87679	-146  	-122.7
318 	200   	-133.146	2.87727	-146  	-122.7
319 	200   	-133.146	2.87727	-146  	-122.7
320 	200   	-133.115	2.84401	-146  	-122.7
321 	200   	-133.114	2.8441 	-146  	-122.7
322 	200   	-133.106	2.84667	-146  	-122.7
323 	200   	-133.106	2.84667	-146  	-122.7
324 	200   	-133.103	2.84674	-146  	-122.7
325 	200   	-133.103	2.84674	-146  	-122.7
326 	200   	-133.103	2.84674	-146  	-122.7
327 	200   	-133.103	2.84674	-146  	-122.7
328 	200   	-133.103	2.84674	-146  	-122.7
329 	200   	-133.103	2.84674	-146  	-122.7
330 	200   	-133.103	2.84674	-146  	-122.7
331 	200   	-133.103	2.84674	-146  	-122.7
332 	200   	-133.103	2.84674	-146  	-122.7
333 	200   	-133.102	2.84674	-146  	-122.7
334 	200   	-133.102	2.84674	-146  	-122.7
335 	200   	-133.102	2.84674	-146  	-122.7
336 	200   	-133.102	2.84674	-146  	-122.7
337 	200   	-133.034	2.71344	-146  	-122.7
338 	200   	-133.034	2.71344	-146  	-122.7
339 	200   	-133.034	2.71344	-146  	-122.7
340 	200   	-133.034	2.71344	-146  	-122.7
341 	200   	-133.034	2.71344	-146  	-122.7
342 	200   	-133.034	2.71344	-146  	-122.7
343 	200   	-133.034	2.71344	-146  	-122.7
344 	200   	-133.034	2.71344	-146  	-122.7
345 	200   	-133.034	2.71344	-146  	-122.7
346 	200   	-133.034	2.71344	-146  	-122.7
347 	200   	-133.034	2.71344	-146  	-122.7
348 	200   	-132.987	2.56906	-146  	-122.7
349 	200   	-132.987	2.56906	-146  	-122.7
350 	200   	-132.987	2.56906	-146  	-122.7
351 	200   	-132.986	2.56906	-146  	-122.7
352 	200   	-132.984	2.56881	-146  	-122.7
353 	200   	-132.984	2.56881	-146  	-122.7
354 	200   	-132.984	2.56881	-146  	-122.7
355 	200   	-132.984	2.56881	-146  	-122.7
356 	200   	-132.984	2.56881	-146  	-122.7
357 	200   	-132.984	2.56881	-146  	-122.7
358 	200   	-132.958	2.59469	-146  	-122.7
359 	200   	-132.958	2.59469	-146  	-122.7
360 	200   	-132.958	2.59469	-146  	-122.7
361 	200   	-132.958	2.5947 	-146  	-122.7
362 	200   	-132.958	2.5947 	-146  	-122.7
363 	200   	-132.958	2.5947 	-146  	-122.7
364 	200   	-132.939	2.55951	-146  	-122.7
365 	200   	-132.928	2.56313	-146  	-122.7
366 	200   	-132.878	2.65338	-146  	-122.7
367 	200   	-132.878	2.65338	-146  	-122.7
368 	200   	-132.87 	2.64138	-146  	-122.7
369 	200   	-132.87 	2.64138	-146  	-122.7
370 	200   	-132.87 	2.64138	-146  	-122.7
371 	200   	-132.87 	2.64138	-146  	-122.7
372 	200   	-132.87 	2.64138	-146  	-122.7
373 	200   	-132.87 	2.64138	-146  	-122.7
374 	200   	-132.87 	2.64138	-146  	-122.7
375 	200   	-132.858	2.64576	-146  	-122.7
376 	200   	-132.855	2.6459 	-146  	-122.7
377 	200   	-132.855	2.6459 	-146  	-122.7
378 	200   	-132.853	2.64562	-146  	-122.7
379 	200   	-132.853	2.64562	-146  	-122.7
380 	200   	-132.847	2.64856	-146  	-122.7
381 	200   	-132.825	2.62802	-146  	-122.7
382 	200   	-132.825	2.62802	-146  	-122.7
383 	200   	-132.786	2.65616	-146  	-122.7
384 	200   	-132.728	2.51854	-146  	-122.7
385 	200   	-132.712	2.53197	-146  	-122.7
386 	200   	-132.712	2.53197	-146  	-122.7
387 	200   	-132.686	2.55541	-146  	-122.7
388 	200   	-132.685	2.55528	-146  	-122.7
389 	200   	-132.685	2.55528	-146  	-122.7
390 	200   	-132.685	2.55528	-146  	-122.7
391 	200   	-132.685	2.55528	-146  	-122.7
392 	200   	-132.683	2.55504	-146  	-122.7
393 	200   	-132.683	2.55504	-146  	-122.7
394 	200   	-132.683	2.55504	-146  	-122.7
395 	200   	-132.683	2.55504	-146  	-122.7
396 	200   	-132.656	2.57796	-146  	-122.7
397 	200   	-132.656	2.57796	-146  	-122.7
398 	200   	-132.656	2.57796	-146  	-122.7
399 	200   	-132.656	2.57796	-146  	-122.7
400 	200   	-132.656	2.57796	-146  	-122.7
401 	200   	-132.615	2.61032	-146  	-122.7
402 	200   	-132.615	2.61032	-146  	-122.7
403 	200   	-132.613	2.61003	-146  	-122.7
404 	200   	-132.612	2.60996	-146  	-122.7
405 	200   	-132.612	2.60996	-146  	-122.7
406 	200   	-132.576	2.65494	-146  	-122.7
407 	200   	-132.576	2.65494	-146  	-122.7
408 	200   	-132.576	2.65494	-146  	-122.7
409 	200   	-132.573	2.65469	-146  	-122.7
410 	200   	-132.573	2.65469	-146  	-122.7
411 	200   	-132.557	2.64179	-146  	-122.7
412 	200   	-132.557	2.64179	-146  	-122.7
413 	200   	-132.546	2.64369	-146  	-122.7
414 	200   	-132.546	2.64369	-146  	-122.7
415 	200   	-132.546	2.64369	-146  	-122.7
416 	200   	-132.546	2.64369	-146  	-122.7
417 	200   	-132.513	2.53165	-146  	-122.7
418 	200   	-132.513	2.53165	-146  	-122.7
419 	200   	-132.495	2.55222	-146  	-122.7
420 	200   	-132.495	2.55222	-146  	-122.7
421 	200   	-132.495	2.55222	-146  	-122.7
422 	200   	-132.464	2.56574	-146  	-122.7
423 	200   	-132.464	2.56574	-146  	-122.7
424 	200   	-132.428	2.58809	-146  	-122.7
425 	200   	-132.428	2.58809	-146  	-122.7
426 	200   	-132.428	2.58809	-146  	-122.7
427 	200   	-132.388	2.4365 	-141.2	-122.7
428 	200   	-132.388	2.4365 	-141.2	-122.7
429 	200   	-132.388	2.4365 	-141.2	-122.7
430 	200   	-132.388	2.43634	-141.2	-122.7
431 	200   	-132.388	2.43634	-141.2	-122.7
432 	200   	-132.388	2.43634	-141.2	-122.7
433 	200   	-132.388	2.43634	-141.2	-122.7
434 	200   	-132.388	2.43634	-141.2	-122.7
435 	200   	-132.387	2.4362 	-141.2	-122.7
436 	200   	-132.387	2.4362 	-141.2	-122.7
437 	200   	-132.365	2.45026	-141.2	-122.7
438 	200   	-132.364	2.45   	-141.2	-122.7
439 	200   	-132.364	2.45   	-141.2	-122.7
440 	200   	-132.364	2.45   	-141.2	-122.7
441 	200   	-132.364	2.45   	-141.2	-122.7
442 	200   	-132.364	2.45   	-141.2	-122.7
443 	200   	-132.364	2.45   	-141.2	-122.7
444 	200   	-132.364	2.45   	-141.2	-122.7
445 	200   	-132.353	2.45132	-141.2	-122.7
446 	200   	-132.353	2.45132	-141.2	-122.7
447 	200   	-132.353	2.45132	-141.2	-122.7
448 	200   	-132.353	2.45118	-141.2	-122.7
449 	200   	-132.328	2.41889	-141.2	-122.7
450 	200   	-132.328	2.41889	-141.2	-122.7
451 	200   	-132.328	2.41874	-141.2	-122.7
452 	200   	-132.328	2.41874	-141.2	-122.7
453 	200   	-132.296	2.50214	-141.2	-122.7
454 	200   	-132.296	2.50214	-141.2	-122.7
455 	200   	-132.27 	2.5206 	-141.2	-122.7
456 	200   	-132.27 	2.5206 	-141.2	-122.7
457 	200   	-132.27 	2.5206 	-141.2	-122.7
458 	200   	-132.263	2.52179	-141.2	-122.7
459 	200   	-132.263	2.52163	-141.2	-122.7
460 	200   	-132.263	2.52163	-141.2	-122.7
461 	200   	-132.261	2.52113	-141.2	-122.7
462 	200   	-132.261	2.52113	-141.2	-122.7
463 	200   	-132.261	2.52113	-141.2	-122.7
464 	200   	-132.261	2.52113	-141.2	-122.7
465 	200   	-132.233	2.54174	-141.2	-122.7
466 	200   	-132.233	2.54174	-141.2	-122.7
467 	200   	-132.23 	2.54102	-141.2	-122.7
468 	200   	-132.22 	2.54205	-141.2	-122.7
469 	200   	-132.22 	2.54205	-141.2	-122.7
470 	200   	-132.22 	2.54205	-141.2	-122.7
471 	200   	-132.218	2.54148	-141.2	-122.7
472 	200   	-132.218	2.54148	-141.2	-122.7
473 	200   	-132.167	2.62838	-141.2	-122.7
474 	200   	-132.159	2.61903	-141.2	-122.7
475 	200   	-132.159	2.61903	-141.2	-122.7
476 	200   	-132.1  	2.60712	-141.2	-122.7
477 	200   	-132.077	2.60836	-141.2	-122.7
478 	200   	-132.077	2.60836	-141.2	-122.7
479 	200   	-132.077	2.60836	-141.2	-122.7
480 	200   	-132.054	2.62709	-141.2	-122.7
481 	200   	-132.054	2.62709	-141.2	-122.7
482 	200   	-132.054	2.62709	-141.2	-122.7
483 	200   	-132.054	2.62709	-141.2	-122.7
484 	200   	-132.054	2.62709	-141.2	-122.7
485 	200   	-132.054	2.62709	-141.2	-122.7
486 	200   	-132.054	2.62709	-141.2	-122.7
487 	200   	-132.054	2.62709	-141.2	-122.7
488 	200   	-132.029	2.593  	-141.2	-122.7
489 	200   	-132.029	2.593  	-141.2	-122.7
490 	200   	-132.029	2.593  	-141.2	-122.7
491 	200   	-132.005	2.60964	-141.2	-122.7
492 	200   	-132.005	2.60964	-141.2	-122.7
493 	200   	-132.005	2.60964	-141.2	-122.7
494 	200   	-131.965	2.6522 	-141.2	-122.7
495 	200   	-131.92 	2.71991	-141.2	-122.7
496 	200   	-131.92 	2.71991	-141.2	-122.7
497 	200   	-131.92 	2.71991	-141.2	-122.7
498 	200   	-131.868	2.79505	-141.2	-122.7
499 	200   	-131.868	2.79505	-141.2	-122.7
500 	200   	-131.868	2.79505	-141.2	-122.7
501 	200   	-131.835	2.8173 	-141.2	-122.7
502 	200   	-131.835	2.8173 	-141.2	-122.7
503 	200   	-131.835	2.8173 	-141.2	-122.7
504 	200   	-131.835	2.8173 	-141.2	-122.7
505 	200   	-131.835	2.8173 	-141.2	-122.7
506 	200   	-131.835	2.8173 	-141.2	-122.7
507 	200   	-131.835	2.8173 	-141.2	-122.7
508 	200   	-131.835	2.8173 	-141.2	-122.7
509 	200   	-131.835	2.8173 	-141.2	-122.7
510 	200   	-131.832	2.8165 	-141.2	-122.7
511 	200   	-131.832	2.8165 	-141.2	-122.7
512 	200   	-131.832	2.8165 	-141.2	-122.7
513 	200   	-131.832	2.8165 	-141.2	-122.7
514 	200   	-131.831	2.81633	-141.2	-122.7
515 	200   	-131.783	2.89047	-141.2	-122.6
516 	200   	-131.783	2.89047	-141.2	-122.6
517 	200   	-131.783	2.89047	-141.2	-122.6
518 	200   	-131.783	2.89047	-141.2	-122.6
519 	200   	-131.783	2.89047	-141.2	-122.6
520 	200   	-131.774	2.88962	-141.2	-122.6
521 	200   	-131.774	2.88962	-141.2	-122.6
522 	200   	-131.752	2.89672	-141.2	-122.6
523 	200   	-131.752	2.89672	-141.2	-122.6
524 	200   	-131.752	2.89672	-141.2	-122.6
525 	200   	-131.74 	2.90477	-141.2	-122.6
526 	200   	-131.74 	2.90477	-141.2	-122.6
527 	200   	-131.74 	2.90477	-141.2	-122.6
528 	200   	-131.74 	2.90477	-141.2	-122.6
529 	200   	-131.74 	2.90477	-141.2	-122.6
530 	200   	-131.701	2.93996	-141.2	-122.6
531 	200   	-131.701	2.93996	-141.2	-122.6
532 	200   	-131.701	2.93996	-141.2	-122.6
533 	200   	-131.701	2.93996	-141.2	-122.6
534 	200   	-131.686	2.89882	-139.8	-122.6
535 	200   	-131.661	2.90957	-139.8	-122.6
536 	200   	-131.629	2.93538	-139.8	-122.6
537 	200   	-131.603	2.99081	-139.8	-122.6
538 	200   	-131.562	3.05577	-139.8	-122.6
539 	200   	-131.511	3.07166	-139.8	-122.6
540 	200   	-131.504	3.06961	-139.8	-122.6
541 	200   	-131.504	3.06961	-139.8	-122.6
542 	200   	-131.504	3.06961	-139.8	-122.6
543 	200   	-131.504	3.06961	-139.8	-122.6
544 	200   	-131.504	3.06961	-139.8	-122.6
545 	200   	-131.503	3.06935	-139.8	-122.6
546 	200   	-131.503	3.06935	-139.8	-122.6
547 	200   	-131.503	3.06935	-139.8	-122.6
548 	200   	-131.503	3.06935	-139.8	-122.6
549 	200   	-131.503	3.0691 	-139.8	-122.6
550 	200   	-131.488	3.06883	-139.8	-122.6
551 	200   	-131.488	3.06883	-139.8	-122.6
552 	200   	-131.488	3.06883	-139.8	-122.6
553 	200   	-131.435	3.12859	-139.8	-122.6
554 	200   	-131.435	3.12859	-139.8	-122.6
555 	200   	-131.435	3.12859	-139.8	-122.6
556 	200   	-131.419	3.12361	-139.8	-122.6
557 	200   	-131.419	3.12361	-139.8	-122.6
558 	200   	-131.404	3.13234	-139.8	-122.6
559 	200   	-131.404	3.13234	-139.8	-122.6
560 	200   	-131.297	3.25822	-139.8	-121.8
561 	200   	-131.297	3.25822	-139.8	-121.8
562 	200   	-131.293	3.26153	-139.8	-121.8
563 	200   	-131.293	3.26153	-139.8	-121.8
564 	200   	-131.287	3.2594 	-139.8	-121.8
565 	200   	-131.287	3.2594 	-139.8	-121.8
566 	200   	-131.261	3.2661 	-139.8	-121.8
567 	200   	-131.261	3.2661 	-139.8	-121.8
568 	200   	-131.261	3.2661 	-139.8	-121.8
569 	200   	-131.261	3.2661 	-139.8	-121.8
570 	200   	-131.261	3.2661 	-139.8	-121.8
571 	200   	-131.154	3.29379	-139.8	-121.8
572 	200   	-131.102	3.32332	-139.8	-121.8
573 	200   	-131.092	3.32031	-139.8	-121.8
574 	200   	-131.067	3.32392	-139.8	-121.8
575 	200   	-131    	3.35351	-139.8	-121.8
576 	200   	-130.993	3.35058	-139.8	-121.8
577 	200   	-130.966	3.35507	-139.8	-121.8
578 	200   	-130.951	3.36204	-139.8	-121.8
579 	200   	-130.928	3.36732	-139.8	-121.8
580 	200   	-130.928	3.36732	-139.8	-121.8
581 	200   	-130.866	3.29294	-138.5	-121.8
582 	200   	-130.854	3.30806	-138.5	-121.8
583 	200   	-130.839	3.30454	-138.5	-121.8
584 	200   	-130.804	3.32168	-138.5	-121.8
585 	200   	-130.804	3.32168	-138.5	-121.8
586 	200   	-130.804	3.32168	-138.5	-121.8
587 	200   	-130.804	3.32168	-138.5	-121.8
588 	200   	-130.804	3.32168	-138.5	-121.8
589 	200   	-130.804	3.32168	-138.5	-121.8
590 	200   	-130.804	3.32168	-138.5	-121.8
591 	200   	-130.804	3.32168	-138.5	-121.8
592 	200   	-130.707	3.4088 	-138.5	-121.8
593 	200   	-130.707	3.4088 	-138.5	-121.8
594 	200   	-130.707	3.4088 	-138.5	-121.8
595 	200   	-130.707	3.4088 	-138.5	-121.8
596 	200   	-130.707	3.4088 	-138.5	-121.8
597 	200   	-130.618	3.42001	-138.5	-121.8
598 	200   	-130.618	3.42001	-138.5	-121.8
599 	200   	-130.606	3.41549	-138.5	-121.8
600 	200   	-130.606	3.41549	-138.5	-121.8
601 	200   	-130.566	3.46071	-138.5	-121.8
602 	200   	-130.566	3.46071	-138.5	-121.8
603 	200   	-130.537	3.46701	-138.5	-121.8
604 	200   	-130.502	3.47628	-138.5	-121.8
605 	200   	-130.487	3.48132	-138.5	-121.8
606 	200   	-130.423	3.54684	-138.5	-120.5
607 	200   	-130.423	3.54684	-138.5	-120.5
608 	200   	-130.423	3.54684	-138.5	-120.5
609 	200   	-130.423	3.54684	-138.5	-120.5
610 	200   	-130.423	3.54684	-138.5	-120.5
611 	200   	-130.389	3.55419	-138.5	-120.5
612 	200   	-130.293	3.55205	-138.5	-120.5
613 	200   	-130.24 	3.61819	-138.5	-120.5
614 	200   	-130.239	3.61707	-138.5	-120.5
615 	200   	-130.239	3.61707	-138.5	-120.5
616 	200   	-130.239	3.61707	-138.5	-120.5
617 	200   	-130.163	3.6435 	-138.5	-120.5
618 	200   	-130.163	3.6435 	-138.5	-120.5
619 	200   	-130.112	3.6753 	-138.5	-120.5
620 	200   	-130.112	3.6753 	-138.5	-120.5
621 	200   	-130.111	3.67574	-138.5	-120.5
622 	200   	-130.05 	3.69757	-138.5	-120.5
623 	200   	-130.033	3.71134	-138.5	-120.5
624 	200   	-130.033	3.71134	-138.5	-120.5
625 	200   	-130.033	3.71134	-138.5	-120.5
626 	200   	-130.033	3.71134	-138.5	-120.5
627 	200   	-129.968	3.77832	-138.5	-119.6
628 	200   	-129.968	3.77832	-138.5	-119.6
629 	200   	-129.968	3.77832	-138.5	-119.6
630 	200   	-129.968	3.77832	-138.5	-119.6
631 	200   	-129.928	3.78809	-138.5	-119.6
632 	200   	-129.925	3.78446	-138.5	-119.6
633 	200   	-129.809	3.84491	-138.5	-119.6
634 	200   	-129.809	3.84491	-138.5	-119.6
635 	200   	-129.809	3.84491	-138.5	-119.6
636 	200   	-129.809	3.84491	-138.5	-119.6
637 	200   	-129.809	3.84491	-138.5	-119.6
638 	200   	-129.739	3.84953	-138.5	-119.6
639 	200   	-129.705	3.83953	-138.5	-119.6
640 	200   	-129.672	3.85727	-138.5	-119.6
641 	200   	-129.671	3.85683	-138.5	-119.6
642 	200   	-129.623	3.8906 	-138.5	-119.6
643 	200   	-129.568	3.91743	-138.5	-119.6
644 	200   	-129.547	3.92131	-138.5	-119.6
645 	200   	-129.547	3.92131	-138.5	-119.6
646 	200   	-129.547	3.92131	-138.5	-119.6
647 	200   	-129.547	3.92131	-138.5	-119.6
648 	200   	-129.547	3.92131	-138.5	-119.6
649 	200   	-129.521	3.91534	-138.5	-119.6
650 	200   	-129.521	3.91534	-138.5	-119.6
651 	200   	-129.521	3.91534	-138.5	-119.6
652 	200   	-129.484	3.9163 	-138.5	-119.6
653 	200   	-129.467	3.90968	-138.5	-119.6
654 	200   	-129.467	3.90968	-138.5	-119.6
655 	200   	-129.447	3.90173	-138.5	-119.6
656 	200   	-129.409	3.91099	-138.5	-119.6
657 	200   	-129.404	3.90864	-138.5	-119.6
658 	200   	-129.404	3.90864	-138.5	-119.6
659 	200   	-129.389	3.92223	-138.5	-119.6
660 	200   	-129.294	3.98   	-138.5	-119.6
661 	200   	-129.294	3.98   	-138.5	-119.6
662 	200   	-129.253	3.98036	-138.5	-119.6
663 	200   	-129.24 	3.98757	-138.5	-119.6
664 	200   	-129.24 	3.98757	-138.5	-119.6
665 	200   	-129.215	3.97926	-138.5	-119.6
666 	200   	-129.215	3.97926	-138.5	-119.6
667 	200   	-129.215	3.97926	-138.5	-119.6
668 	200   	-129.153	3.97016	-138.5	-119.6
669 	200   	-129.153	3.97016	-138.5	-119.6
670 	200   	-129.153	3.97016	-138.5	-119.6
671 	200   	-129.139	3.97898	-138.5	-119.6
672 	200   	-129.139	3.97898	-138.5	-119.6
673 	200   	-129.139	3.97898	-138.5	-119.6
674 	200   	-129.045	3.98863	-138.5	-119.6
675 	200   	-129.045	3.98863	-138.5	-119.6
676 	200   	-129.044	3.98813	-138.5	-119.6
677 	200   	-128.988	4.00547	-138.5	-119.6
678 	200   	-128.922	4.0175 	-138.5	-119.6
679 	200   	-128.876	4.03613	-138.5	-119.6
680 	200   	-128.876	4.03613	-138.5	-119.6
681 	200   	-128.839	4.03115	-138.5	-119.6
682 	200   	-128.839	4.03115	-138.5	-119.6
683 	200   	-128.839	4.03115	-138.5	-119.6
684 	200   	-128.834	4.02834	-138.5	-119.6
685 	200   	-128.834	4.02834	-138.5	-119.6
686 	200   	-128.834	4.02834	-138.5	-119.6
687 	200   	-128.834	4.02834	-138.5	-119.6
688 	200   	-128.834	4.02834	-138.5	-119.6
689 	200   	-128.834	4.02834	-138.5	-119.6
690 	200   	-128.825	4.03348	-138.5	-119.6
691 	200   	-128.762	4.0344 	-138.5	-119.6
692 	200   	-128.74 	4.06818	-138.5	-119.6
693 	200   	-128.74 	4.06818	-138.5	-119.6
694 	200   	-128.715	4.07142	-138.5	-119.6
695 	200   	-128.715	4.07142	-138.5	-119.6
696 	200   	-128.715	4.07142	-138.5	-119.6
697 	200   	-128.715	4.07142	-138.5	-119.6
698 	200   	-128.715	4.07142	-138.5	-119.6
699 	200   	-128.715	4.07142	-138.5	-119.6
700 	200   	-128.68 	4.06709	-138.5	-119.6
701 	200   	-128.657	4.06664	-138.5	-119.6
702 	200   	-128.637	4.06313	-138.5	-119.6
703 	200   	-128.586	4.03998	-138.5	-119.6
704 	200   	-128.586	4.03998	-138.5	-119.6
705 	200   	-128.586	4.03998	-138.5	-119.6
706 	200   	-128.54 	4.05996	-138.5	-119.6
707 	200   	-128.502	4.05106	-138.5	-119.6
708 	200   	-128.502	4.05106	-138.5	-119.6
709 	200   	-128.502	4.05106	-138.5	-119.6
710 	200   	-128.479	4.07986	-138.5	-119.6
711 	200   	-128.479	4.07986	-138.5	-119.6
712 	200   	-128.479	4.07986	-138.5	-119.6
713 	200   	-128.437	4.06915	-138.5	-119.6
714 	200   	-128.434	4.06977	-138.5	-119.6
715 	200   	-128.395	4.0628 	-138.5	-119.6
716 	200   	-128.388	4.05647	-138.5	-119.6
717 	200   	-128.388	4.05647	-138.5	-119.6
718 	200   	-128.388	4.05647	-138.5	-119.6
719 	200   	-128.306	4.08422	-138.5	-119.6
720 	200   	-128.306	4.08422	-138.5	-119.6
721 	200   	-128.289	4.09336	-138.5	-119.6
722 	200   	-128.289	4.09336	-138.5	-119.6
723 	200   	-128.214	4.07972	-138.5	-119.6
724 	200   	-128.214	4.07972	-138.5	-119.6
725 	200   	-128.177	4.06878	-138.5	-119.6
726 	200   	-128.177	4.06878	-138.5	-119.6
727 	200   	-128.147	4.08851	-138.5	-119.6
728 	200   	-128.141	4.08989	-138.5	-119.6
729 	200   	-128.106	4.07477	-138.5	-119.6
730 	200   	-128.106	4.07477	-138.5	-119.6
731 	200   	-128.103	4.07496	-138.5	-119.6
732 	200   	-128.05 	4.07925	-138.5	-119.6
733 	200   	-127.998	4.03856	-138.5	-119.6
734 	200   	-127.965	4.07008	-138.5	-119.6
735 	200   	-127.953	4.07318	-138.5	-119.6
736 	200   	-127.953	4.07318	-138.5	-119.6
737 	200   	-127.936	4.09169	-138.5	-119.6
738 	200   	-127.936	4.09169	-138.5	-119.6
739 	200   	-127.936	4.09169	-138.5	-119.6
740 	200   	-127.901	4.08012	-138.5	-119.6
741 	200   	-127.888	4.08301	-138.5	-119.6
742 	200   	-127.888	4.08301	-138.5	-119.6
743 	200   	-127.888	4.08301	-138.5	-119.6
744 	200   	-127.888	4.08301	-138.5	-119.6
745 	200   	-127.888	4.08301	-138.5	-119.6
746 	200   	-127.888	4.08301	-138.5	-119.6
747 	200   	-127.888	4.08301	-138.5	-119.6
748 	200   	-127.888	4.08301	-138.5	-119.6
749 	200   	-127.888	4.08301	-138.5	-119.6
750 	200   	-127.888	4.08301	-138.5	-119.6
751 	200   	-127.819	4.09698	-138.5	-119.6
752 	200   	-127.797	4.09137	-138.5	-119.6
753 	200   	-127.797	4.09137	-138.5	-119.6
754 	200   	-127.772	4.07408	-138.5	-119.6
755 	200   	-127.745	4.05719	-138.5	-119.6
756 	200   	-127.708	4.04587	-138.5	-119.6
757 	200   	-127.708	4.04587	-138.5	-119.6
758 	200   	-127.708	4.04587	-138.5	-119.6
759 	200   	-127.708	4.04587	-138.5	-119.6
760 	200   	-127.67 	4.05046	-138.5	-119.6
761 	200   	-127.67 	4.05046	-138.5	-119.6
762 	200   	-127.67 	4.05046	-138.5	-119.6
763 	200   	-127.645	4.07542	-138.5	-119.6
764 	200   	-127.645	4.07542	-138.5	-119.6
765 	200   	-127.635	4.07772	-138.5	-119.6
766 	200   	-127.608	4.05932	-138.5	-119.6
767 	200   	-127.573	4.04478	-138.5	-119.6
768 	200   	-127.573	4.04478	-138.5	-119.6
769 	200   	-127.573	4.04478	-138.5	-119.6
770 	200   	-127.529	4.06016	-138.5	-119.6
771 	200   	-127.529	4.06016	-138.5	-119.6
772 	200   	-127.516	4.06131	-138.5	-119.6
773 	200   	-127.5  	4.07452	-138.5	-119.6
774 	200   	-127.5  	4.07452	-138.5	-119.6
775 	200   	-127.5  	4.07452	-138.5	-119.6
776 	200   	-127.476	4.05567	-138.5	-119.6
777 	200   	-127.449	4.04896	-138.5	-119.6
778 	200   	-127.41 	4.04081	-138.5	-119.6
779 	200   	-127.41 	4.04081	-138.5	-119.6
780 	200   	-127.404	4.04103	-138.5	-119.6
781 	200   	-127.404	4.04103	-138.5	-119.6
782 	200   	-127.404	4.04103	-138.5	-119.6
783 	200   	-127.377	4.02091	-138.5	-119.6
784 	200   	-127.377	4.02091	-138.5	-119.6
785 	200   	-127.367	4.02254	-138.5	-119.6
786 	200   	-127.367	4.02254	-138.5	-119.6
787 	200   	-127.367	4.02254	-138.5	-119.6
788 	200   	-127.33 	3.99622	-138.5	-119.6
789 	200   	-127.318	3.9975 	-138.5	-119.6
790 	200   	-127.318	3.9975 	-138.5	-119.6
791 	200   	-127.318	3.9975 	-138.5	-119.6
792 	200   	-127.291	3.97653	-138.5	-119.6
793 	200   	-127.291	3.97653	-138.5	-119.6
794 	200   	-127.29 	3.9744 	-138.5	-119.6
795 	200   	-127.29 	3.9744 	-138.5	-119.6
796 	200   	-127.264	3.94718	-138.5	-119.6
797 	200   	-127.264	3.94718	-138.5	-119.6
798 	200   	-127.264	3.94718	-138.5	-119.6
799 	200   	-127.264	3.94718	-138.5	-119.6
800 	200   	-127.237	3.95798	-138.5	-119.6
801 	200   	-127.237	3.95798	-138.5	-119.6
802 	200   	-127.237	3.95798	-138.5	-119.6
803 	200   	-127.203	3.94051	-138.5	-119.6
804 	200   	-127.177	3.91784	-138.5	-119.6
805 	200   	-127.115	3.87556	-138.5	-119.6
806 	200   	-127.092	3.88328	-138.5	-119.6
807 	200   	-127.092	3.88328	-138.5	-119.6
808 	200   	-127.092	3.88328	-138.5	-119.6
809 	200   	-127.092	3.88328	-138.5	-119.6
810 	200   	-127.092	3.88328	-138.5	-119.6
811 	200   	-127.049	3.88024	-138.5	-119.6
812 	200   	-127.049	3.88024	-138.5	-119.6
813 	200   	-127.004	3.86122	-138.5	-119.6
814 	200   	-127.004	3.86122	-138.5	-119.6
815 	200   	-126.985	3.84424	-138.5	-119.6
816 	200   	-126.985	3.84424	-138.5	-119.6
817 	200   	-126.985	3.84424	-138.5	-119.6
818 	200   	-126.973	3.83323	-138.5	-119.6
819 	200   	-126.96 	3.83448	-138.5	-119.6
820 	200   	-126.903	3.83869	-138.5	-119.6
821 	200   	-126.903	3.83869	-138.5	-119.6
822 	200   	-126.903	3.83869	-138.5	-119.6
823 	200   	-126.878	3.81731	-138.5	-119.6
824 	200   	-126.878	3.81731	-138.5	-119.6
825 	200   	-126.786	3.82994	-138.5	-119.6
826 	200   	-126.759	3.84171	-138.5	-119.6
827 	200   	-126.742	3.82207	-138.5	-119.6
828 	200   	-126.742	3.82207	-138.5	-119.6
829 	200   	-126.662	3.74117	-133.4	-119.6
830 	200   	-126.648	3.73975	-133.4	-119.6
831 	200   	-126.648	3.73975	-133.4	-119.6
832 	200   	-126.623	3.74902	-133.4	-119.6
833 	200   	-126.57 	3.7309 	-133.4	-119.6
834 	200   	-126.57 	3.7309 	-133.4	-119.6
835 	200   	-126.57 	3.7309 	-133.4	-119.6
836 	200   	-126.553	3.72707	-133.4	-119.6
837 	200   	-126.508	3.69919	-133.4	-119.6
838 	200   	-126.508	3.69919	-133.4	-119.6
839 	200   	-126.508	3.69919	-133.4	-119.6
840 	200   	-126.508	3.69919	-133.4	-119.6
841 	200   	-126.497	3.69873	-133.4	-119.6
842 	200   	-126.497	3.69873	-133.4	-119.6
843 	200   	-126.473	3.72176	-133.4	-119.6
844 	200   	-126.473	3.72176	-133.4	-119.6
845 	200   	-126.473	3.72176	-133.4	-119.6
846 	200   	-126.414	3.7188 	-133.4	-119.6
847 	200   	-126.38 	3.69401	-133.4	-119.6
848 	200   	-126.38 	3.69401	-133.4	-119.6
849 	200   	-126.365	3.71172	-133.4	-119.6
850 	200   	-126.365	3.71172	-133.4	-119.6
851 	200   	-126.364	3.71326	-133.4	-119.6
852 	200   	-126.364	3.71326	-133.4	-119.6
853 	200   	-126.34 	3.7278 	-133.4	-119.6
854 	200   	-126.34 	3.7278 	-133.4	-119.6
855 	200   	-126.327	3.72722	-133.4	-119.6
856 	200   	-126.314	3.72659	-133.4	-119.6
857 	200   	-126.244	3.72352	-133.4	-119.6
858 	200   	-126.194	3.70269	-133.4	-119.6
859 	200   	-126.185	3.70874	-133.4	-119.6
860 	200   	-126.185	3.70874	-133.4	-119.6
861 	200   	-126.173	3.72385	-133.4	-119.6
862 	200   	-126.136	3.75847	-133.4	-119.6
863 	200   	-126.136	3.75847	-133.4	-119.6
864 	200   	-126.136	3.75847	-133.4	-119.6
865 	200   	-126.136	3.75847	-133.4	-119.6
866 	200   	-126.136	3.75847	-133.4	-119.6
867 	200   	-126.136	3.75847	-133.4	-119.6
868 	200   	-126.111	3.76262	-133.4	-119.6
869 	200   	-126.075	3.73084	-133.4	-119.6
870 	200   	-126.075	3.73084	-133.4	-119.6
871 	200   	-126.075	3.73084	-133.4	-119.6
872 	200   	-126.075	3.73084	-133.4	-119.6
873 	200   	-126.038	3.71152	-133.4	-119.6
874 	200   	-126.01 	3.68157	-133.4	-119.6
875 	200   	-126.01 	3.68157	-133.4	-119.6
876 	200   	-125.961	3.65235	-133.4	-119.6
877 	200   	-125.939	3.66828	-133.4	-119.6
878 	200   	-125.939	3.66828	-133.4	-119.6
879 	200   	-125.939	3.66828	-133.4	-119.6
880 	200   	-125.931	3.66343	-133.4	-119.6
881 	200   	-125.91 	3.66985	-133.4	-119.6
882 	200   	-125.91 	3.66985	-133.4	-119.6
883 	200   	-125.91 	3.66985	-133.4	-119.6
884 	200   	-125.909	3.66713	-133.4	-119.6
885 	200   	-125.909	3.66713	-133.4	-119.6
886 	200   	-125.909	3.66713	-133.4	-119.6
887 	200   	-125.891	3.66069	-133.4	-119.6
888 	200   	-125.891	3.66069	-133.4	-119.6
889 	200   	-125.856	3.62968	-133.4	-119.6
890 	200   	-125.825	3.60347	-133.4	-119.6
891 	200   	-125.825	3.60347	-133.4	-119.6
892 	200   	-125.825	3.60347	-133.4	-119.6
893 	200   	-125.825	3.60347	-133.4	-119.6
894 	200   	-125.825	3.60347	-133.4	-119.6
895 	200   	-125.825	3.60347	-133.4	-119.6
896 	200   	-125.825	3.60347	-133.4	-119.6
897 	200   	-125.815	3.60076	-133.4	-119.6
898 	200   	-125.815	3.60076	-133.4	-119.6
899 	200   	-125.804	3.59801	-133.4	-119.6
900 	200   	-125.804	3.59801	-133.4	-119.6
901 	200   	-125.797	3.60496	-133.4	-119.6
902 	200   	-125.797	3.60496	-133.4	-119.6
903 	200   	-125.797	3.60496	-133.4	-119.6
904 	200   	-125.791	3.61225	-133.4	-119.6
905 	200   	-125.781	3.60944	-133.4	-119.6
906 	200   	-125.781	3.60944	-133.4	-119.6
907 	200   	-125.78 	3.61093	-133.4	-119.6
908 	200   	-125.765	3.61746	-133.4	-119.6
909 	200   	-125.765	3.61746	-133.4	-119.6
910 	200   	-125.765	3.61746	-133.4	-119.6
911 	200   	-125.75 	3.62391	-133.4	-119.6
912 	200   	-125.733	3.62957	-133.4	-119.6
913 	200   	-125.733	3.62957	-133.4	-119.6
914 	200   	-125.733	3.62957	-133.4	-119.6
915 	200   	-125.691	3.65131	-133.4	-119.6
916 	200   	-125.681	3.66154	-133.4	-119.6
917 	200   	-125.681	3.66154	-133.4	-119.6
918 	200   	-125.681	3.66154	-133.4	-119.6
919 	200   	-125.681	3.66154	-133.4	-119.6
920 	200   	-125.665	3.66884	-133.4	-119.6
921 	200   	-125.665	3.66884	-133.4	-119.6
922 	200   	-125.665	3.66884	-133.4	-119.6
923 	200   	-125.665	3.66884	-133.4	-119.6
924 	200   	-125.665	3.66884	-133.4	-119.6
925 	200   	-125.665	3.66884	-133.4	-119.6
926 	200   	-125.665	3.66884	-133.4	-119.6
927 	200   	-125.644	3.65206	-133.4	-119.6
928 	200   	-125.644	3.65206	-133.4	-119.6
929 	200   	-125.644	3.65206	-133.4	-119.6
930 	200   	-125.61 	3.64818	-133.4	-119.6
931 	200   	-125.61 	3.64818	-133.4	-119.6
932 	200   	-125.585	3.66594	-133.4	-119.6
933 	200   	-125.548	3.62807	-133.4	-119.6
934 	200   	-125.548	3.62807	-133.4	-119.6
935 	200   	-125.495	3.59422	-133.4	-119.6
936 	200   	-125.472	3.60254	-133.4	-119.6
937 	200   	-125.472	3.60254	-133.4	-119.6
938 	200   	-125.472	3.60254	-133.4	-119.6
939 	200   	-125.44 	3.56268	-133.4	-119.6
940 	200   	-125.44 	3.56268	-133.4	-119.6
941 	200   	-125.44 	3.56268	-133.4	-119.6
942 	200   	-125.38 	3.55175	-133.4	-119.6
943 	200   	-125.374	3.55234	-133.4	-119.6
944 	200   	-125.374	3.55234	-133.4	-119.6
945 	200   	-125.374	3.55234	-133.4	-119.6
946 	200   	-125.374	3.55234	-133.4	-119.6
947 	200   	-125.374	3.55234	-133.4	-119.6
948 	200   	-125.331	3.55596	-133.4	-119.6
949 	200   	-125.269	3.53038	-133.4	-119.6
950 	200   	-125.269	3.53038	-133.4	-119.6
951 	200   	-125.269	3.53038	-133.4	-119.6
952 	200   	-125.269	3.53038	-133.4	-119.6
953 	200   	-125.183	3.45921	-133.4	-119.6
954 	200   	-125.142	3.4177 	-133.4	-119.6
955 	200   	-125.142	3.4177 	-133.4	-119.6
956 	200   	-125.142	3.4177 	-133.4	-119.6
957 	200   	-125.111	3.38321	-133.4	-119.6
958 	200   	-125.111	3.38321	-133.4	-119.6
959 	200   	-125.111	3.38321	-133.4	-119.6
960 	200   	-125.111	3.38321	-133.4	-119.6
961 	200   	-125.111	3.38321	-133.4	-119.6
962 	200   	-125.049	3.35221	-133.4	-119.6
963 	200   	-125.041	3.34772	-133.4	-119.6
964 	200   	-125.041	3.34772	-133.4	-119.6
965 	200   	-125.032	3.3525 	-133.4	-119.6
966 	200   	-125.032	3.3525 	-133.4	-119.6
967 	200   	-125.032	3.3525 	-133.4	-119.6
968 	200   	-125.032	3.3525 	-133.4	-119.6
969 	200   	-125.032	3.3525 	-133.4	-119.6
970 	200   	-125.021	3.36105	-133.4	-119.6
971 	200   	-124.964	3.32011	-133.4	-119.6
972 	200   	-124.964	3.32011	-133.4	-119.6
973 	200   	-124.964	3.32011	-133.4	-119.6
974 	200   	-124.94 	3.31516	-133.4	-119.6
975 	200   	-124.94 	3.31516	-133.4	-119.6
976 	200   	-124.94 	3.31516	-133.4	-119.6
977 	200   	-124.909	3.26736	-133.4	-119.6
978 	200   	-124.892	3.26066	-133.4	-119.6
979 	200   	-124.892	3.26066	-133.4	-119.6
980 	200   	-124.892	3.26066	-133.4	-119.6
981 	200   	-124.892	3.26066	-133.4	-119.6
982 	200   	-124.879	3.25388	-133.4	-119.6
983 	200   	-124.842	3.26206	-133.4	-119.6
984 	200   	-124.842	3.26206	-133.4	-119.6
985 	200   	-124.842	3.26206	-133.4	-119.6
986 	200   	-124.842	3.26206	-133.4	-119.6
987 	200   	-124.78 	3.2221 	-133.4	-119.6
988 	200   	-124.78 	3.2221 	-133.4	-119.6
989 	200   	-124.754	3.1755 	-133.4	-119.6
990 	200   	-124.754	3.1755 	-133.4	-119.6
991 	200   	-124.754	3.1755 	-133.4	-119.6
992 	200   	-124.699	3.19538	-133.4	-119.6
993 	200   	-124.699	3.19538	-133.4	-119.6
994 	200   	-124.699	3.19538	-133.4	-119.6
995 	200   	-124.699	3.19538	-133.4	-119.6
996 	200   	-124.699	3.19538	-133.4	-119.6
997 	200   	-124.687	3.18821	-133.4	-119.6
998 	200   	-124.687	3.18821	-133.4	-119.6
999 	200   	-124.676	3.19882	-133.4	-119.6
1000	200   	-124.676	3.19882	-133.4	-119.6
1001	200   	-124.676	3.19882	-133.4	-119.6
1002	200   	-124.676	3.19882	-133.4	-119.6
1003	200   	-124.674	3.19864	-133.4	-119.6
1004	200   	-124.674	3.19864	-133.4	-119.6
1005	200   	-124.674	3.19864	-133.4	-119.6
1006	200   	-124.631	3.19779	-133.4	-119.6
1007	200   	-124.631	3.19779	-133.4	-119.6
1008	200   	-124.605	3.19224	-133.4	-119.6
1009	200   	-124.605	3.19224	-133.4	-119.6
1010	200   	-124.605	3.19224	-133.4	-119.6
1011	200   	-124.605	3.19224	-133.4	-119.6
1012	200   	-124.605	3.19224	-133.4	-119.6
1013	200   	-124.605	3.19224	-133.4	-119.6
1014	200   	-124.605	3.19224	-133.4	-119.6
1015	200   	-124.605	3.19224	-133.4	-119.6
1016	200   	-124.605	3.19224	-133.4	-119.6
1017	200   	-124.604	3.19164	-133.4	-119.6
1018	200   	-124.604	3.19164	-133.4	-119.6
1019	200   	-124.571	3.177  	-133.4	-119.6
1020	200   	-124.569	3.17852	-133.4	-119.6
1021	200   	-124.569	3.17852	-133.4	-119.6
1022	200   	-124.569	3.17852	-133.4	-119.6
1023	200   	-124.544	3.17394	-133.4	-119.6
1024	200   	-124.544	3.17394	-133.4	-119.6
1025	200   	-124.492	3.15451	-133.4	-119.6
1026	200   	-124.492	3.15451	-133.4	-119.6
1027	200   	-124.492	3.15451	-133.4	-119.6
1028	200   	-124.492	3.15451	-133.4	-119.6
1029	200   	-124.492	3.15451	-133.4	-119.6
1030	200   	-124.483	3.15533	-133.4	-119.6
1031	200   	-124.483	3.15533	-133.4	-119.6
1032	200   	-124.483	3.15533	-133.4	-119.6
1033	200   	-124.483	3.15533	-133.4	-119.6
1034	200   	-124.483	3.15533	-133.4	-119.6
1035	200   	-124.483	3.15533	-133.4	-119.6
1036	200   	-124.465	3.15824	-133.4	-119.6
1037	200   	-124.465	3.15824	-133.4	-119.6
1038	200   	-124.465	3.15824	-133.4	-119.6
1039	200   	-124.43 	3.17649	-133.4	-119.6
1040	200   	-124.43 	3.17649	-133.4	-119.6
1041	200   	-124.394	3.1795 	-133.4	-119.6
1042	200   	-124.356	3.12616	-133.4	-119.6
1043	200   	-124.334	3.1349 	-133.4	-119.6
1044	200   	-124.334	3.1349 	-133.4	-119.6
1045	200   	-124.334	3.1349 	-133.4	-119.6
1046	200   	-124.334	3.1349 	-133.4	-119.6
1047	200   	-124.334	3.1349 	-133.4	-119.6
1048	200   	-124.331	3.12826	-133.4	-119.6
1049	200   	-124.28 	3.07903	-133.1	-119.6
1050	200   	-124.266	3.08963	-133.1	-119.6
1051	200   	-124.266	3.08963	-133.1	-119.6
1052	200   	-124.266	3.08963	-133.1	-119.6
1053	200   	-124.266	3.08963	-133.1	-119.6
1054	200   	-124.243	3.09651	-133.1	-119.6
1055	200   	-124.243	3.09651	-133.1	-119.6
1056	200   	-124.228	3.09621	-133.1	-119.6
1057	200   	-124.228	3.09621	-133.1	-119.6
1058	200   	-124.228	3.09621	-133.1	-119.6
1059	200   	-124.228	3.09621	-133.1	-119.6
1060	200   	-124.195	3.10827	-133.1	-119.6
1061	200   	-124.195	3.10827	-133.1	-119.6
1062	200   	-124.195	3.10827	-133.1	-119.6
1063	200   	-124.195	3.10827	-133.1	-119.6
1064	200   	-124.195	3.10827	-133.1	-119.6
1065	200   	-124.195	3.10827	-133.1	-119.6
1066	200   	-124.195	3.10827	-133.1	-119.6
1067	200   	-124.195	3.10827	-133.1	-119.6
1068	200   	-124.195	3.10827	-133.1	-119.6
1069	200   	-124.195	3.10827	-133.1	-119.6
1070	200   	-124.185	3.09902	-133.1	-119.6
1071	200   	-124.182	3.09735	-133.1	-119.6
1072	200   	-124.182	3.09735	-133.1	-119.6
1073	200   	-124.178	3.10055	-133.1	-119.6
1074	200   	-124.164	3.10625	-133.1	-119.6
1075	200   	-124.161	3.11077	-133.1	-119.6
1076	200   	-124.135	3.11951	-133.1	-119.6
1077	200   	-124.135	3.11951	-133.1	-119.6
1078	200   	-124.135	3.11951	-133.1	-119.6
1079	200   	-124.134	3.12001	-133.1	-119.6
1080	200   	-124.134	3.12001	-133.1	-119.6
1081	200   	-124.133	3.12021	-133.1	-119.6
1082	200   	-124.133	3.12021	-133.1	-119.6
1083	200   	-124.13 	3.11851	-133.1	-119.6
1084	200   	-124.096	3.11478	-133.1	-119.6
1085	200   	-124.096	3.11478	-133.1	-119.6
1086	200   	-124.096	3.11478	-133.1	-119.6
1087	200   	-124.085	3.12356	-133.1	-119.6
1088	200   	-124.085	3.12356	-133.1	-119.6
1089	200   	-124.085	3.12356	-133.1	-119.6
1090	200   	-124.085	3.12356	-133.1	-119.6
1091	200   	-124.074	3.12454	-133.1	-119.6
1092	200   	-124.074	3.12454	-133.1	-119.6
1093	200   	-124.074	3.12454	-133.1	-119.6
1094	200   	-124.051	3.10005	-133.1	-119.6
1095	200   	-124.051	3.10005	-133.1	-119.6
1096	200   	-124.051	3.10005	-133.1	-119.6
1097	200   	-124.051	3.10005	-133.1	-119.6
1098	200   	-124.044	3.09011	-133.1	-119.6
1099	200   	-123.999	3.02501	-133.1	-119.6
1100	200   	-123.999	3.02501	-133.1	-119.6
1101	200   	-123.999	3.02501	-133.1	-119.6
1102	200   	-123.987	3.02519	-133.1	-119.6
1103	200   	-123.987	3.02519	-133.1	-119.6
1104	200   	-123.987	3.02519	-133.1	-119.6
1105	200   	-123.987	3.02519	-133.1	-119.6
1106	200   	-123.987	3.02519	-133.1	-119.6
1107	200   	-123.973	3.03503	-133.1	-119.6
1108	200   	-123.966	3.04095	-133.1	-119.6
1109	200   	-123.966	3.04095	-133.1	-119.6
1110	200   	-123.966	3.04095	-133.1	-119.6
1111	200   	-123.966	3.04095	-133.1	-119.6
1112	200   	-123.966	3.04095	-133.1	-119.6
1113	200   	-123.966	3.04095	-133.1	-119.6
1114	200   	-123.966	3.04095	-133.1	-119.6
1115	200   	-123.966	3.04095	-133.1	-119.6
1116	200   	-123.966	3.04095	-133.1	-119.6
1117	200   	-123.966	3.04095	-133.1	-119.6
1118	200   	-123.966	3.04095	-133.1	-119.6
1119	200   	-123.959	3.02146	-133.1	-119.6
1120	200   	-123.948	3.03002	-133.1	-119.6
1121	200   	-123.948	3.03002	-133.1	-119.6
1122	200   	-123.948	3.03002	-133.1	-119.6
1123	200   	-123.919	2.98628	-133.1	-119.6
1124	200   	-123.919	2.98628	-133.1	-119.6
1125	200   	-123.895	2.99421	-133.1	-119.6
1126	200   	-123.88 	2.96527	-133.1	-119.6
1127	200   	-123.847	2.95817	-133.1	-119.6
1128	200   	-123.821	2.96461	-133.1	-119.6
1129	200   	-123.821	2.96461	-133.1	-119.6
1130	200   	-123.821	2.96461	-133.1	-119.6
1131	200   	-123.814	2.9584 	-133.1	-119.6
1132	200   	-123.814	2.9584 	-133.1	-119.6
1133	200   	-123.814	2.9584 	-133.1	-119.6
1134	200   	-123.814	2.9584 	-133.1	-119.6
1135	200   	-123.814	2.9584 	-133.1	-119.6
1136	200   	-123.777	2.90596	-133.1	-119.6
1137	200   	-123.777	2.90596	-133.1	-119.6
1138	200   	-123.777	2.90596	-133.1	-119.6
1139	200   	-123.777	2.90596	-133.1	-119.6
1140	200   	-123.777	2.90596	-133.1	-119.6
1141	200   	-123.777	2.90596	-133.1	-119.6
1142	200   	-123.777	2.90596	-133.1	-119.6
1143	200   	-123.767	2.91191	-133.1	-119.6
1144	200   	-123.767	2.91191	-133.1	-119.6
1145	200   	-123.767	2.91191	-133.1	-119.6
1146	200   	-123.737	2.90729	-133.1	-119.6
1147	200   	-123.722	2.92101	-133.1	-119.6
1148	200   	-123.699	2.90215	-133.1	-119.6
1149	200   	-123.699	2.9019 	-133.1	-119.6
1150	200   	-123.699	2.9019 	-133.1	-119.6
1151	200   	-123.699	2.9019 	-133.1	-119.6
1152	200   	-123.699	2.9019 	-133.1	-119.6
1153	200   	-123.699	2.9019 	-133.1	-119.6
1154	200   	-123.601	2.82071	-133.1	-119.6
1155	200   	-123.601	2.82071	-133.1	-119.6
1156	200   	-123.601	2.82071	-133.1	-119.6
1157	200   	-123.601	2.82071	-133.1	-119.6
1158	200   	-123.601	2.82071	-133.1	-119.6
1159	200   	-123.565	2.82501	-133.1	-119.6
1160	200   	-123.565	2.82501	-133.1	-119.6
1161	200   	-123.553	2.79064	-133.1	-119.6
1162	200   	-123.535	2.7877 	-133.1	-119.6
1163	200   	-123.535	2.7877 	-133.1	-119.6
1164	200   	-123.522	2.78363	-133.1	-119.6
1165	200   	-123.522	2.78363	-133.1	-119.6
1166	200   	-123.522	2.78363	-133.1	-119.6
1167	200   	-123.522	2.78363	-133.1	-119.6
1168	200   	-123.522	2.78363	-133.1	-119.6
1169	200   	-123.516	2.78309	-133.1	-119.6
1170	200   	-123.505	2.79063	-133.1	-119.6
1171	200   	-123.504	2.7901 	-133.1	-119.6
1172	200   	-123.504	2.7901 	-133.1	-119.6
1173	200   	-123.504	2.7901 	-133.1	-119.6
1174	200   	-123.504	2.7901 	-133.1	-119.6
1175	200   	-123.495	2.79512	-133.1	-119.6
1176	200   	-123.495	2.79512	-133.1	-119.6
1177	200   	-123.476	2.80486	-133.1	-119.6
1178	200   	-123.46 	2.79877	-133.1	-119.6
1179	200   	-123.425	2.78905	-133.1	-119.6
1180	200   	-123.425	2.78905	-133.1	-119.6
1181	200   	-123.424	2.78742	-133.1	-119.6
1182	200   	-123.424	2.78742	-133.1	-119.6
1183	200   	-123.424	2.78742	-133.1	-119.6
1184	200   	-123.424	2.78742	-133.1	-119.6
1185	200   	-123.424	2.78742	-133.1	-119.6
1186	200   	-123.424	2.78756	-133.1	-119.6
1187	200   	-123.424	2.78756	-133.1	-119.6
1188	200   	-123.424	2.78756	-133.1	-119.6
1189	200   	-123.424	2.78756	-133.1	-119.6
1190	200   	-123.397	2.79829	-133.1	-119.6
1191	200   	-123.317	2.70829	-133.1	-119.6
1192	200   	-123.317	2.70829	-133.1	-119.6
1193	200   	-123.307	2.71524	-133.1	-119.6
1194	200   	-123.214	2.63397	-133.1	-119.6
1195	200   	-123.207	2.63813	-133.1	-119.6
1196	200   	-123.207	2.63813	-133.1	-119.6
1197	200   	-123.207	2.63813	-133.1	-119.6
1198	200   	-123.207	2.63813	-133.1	-119.6
1199	200   	-123.196	2.63559	-133.1	-119.6
1200	200   	-123.149	2.63725	-133.1	-119.6
1201	200   	-123.149	2.63725	-133.1	-119.6
1202	200   	-123.139	2.62335	-133.1	-119.6
1203	200   	-123.113	2.62361	-133.1	-119.6
1204	200   	-123.113	2.62361	-133.1	-119.6
1205	200   	-123.113	2.62361	-133.1	-119.6
1206	200   	-123.113	2.62361	-133.1	-119.6
1207	200   	-123.113	2.62361	-133.1	-119.6
1208	200   	-123.113	2.62361	-133.1	-119.6
1209	200   	-123.113	2.62361	-133.1	-119.6
1210	200   	-123.113	2.62361	-133.1	-119.6
1211	200   	-123.113	2.62361	-133.1	-119.6
1212	200   	-123.113	2.62361	-133.1	-119.6
1213	200   	-123.081	2.61873	-133.1	-119.6
1214	200   	-123.081	2.61873	-133.1	-119.6
1215	200   	-123.081	2.61873	-133.1	-119.6
1216	200   	-123.081	2.61873	-133.1	-119.6
1217	200   	-123.081	2.61873	-133.1	-119.6
1218	200   	-123.056	2.61938	-133.1	-119.6
1219	200   	-123.056	2.61938	-133.1	-119.6
1220	200   	-123.056	2.61938	-133.1	-119.6
1221	200   	-123.028	2.6172 	-133.1	-119.6
1222	200   	-123.006	2.55514	-133.1	-119.6
1223	200   	-123.006	2.55514	-133.1	-119.6
1224	200   	-123.006	2.55514	-133.1	-119.6
1225	200   	-123.006	2.55514	-133.1	-119.6
1226	200   	-123.006	2.55514	-133.1	-119.6
1227	200   	-123.006	2.55514	-133.1	-119.6
1228	200   	-123.006	2.55514	-133.1	-119.6
1229	200   	-123.006	2.55514	-133.1	-119.6
1230	200   	-122.986	2.55549	-133.1	-119.6
1231	200   	-122.909	2.48049	-132.8	-117.7
1232	200   	-122.909	2.48049	-132.8	-117.7
1233	200   	-122.909	2.48049	-132.8	-117.7
1234	200   	-122.888	2.4915 	-132.8	-117.7
1235	200   	-122.861	2.47382	-132.8	-117.7
1236	200   	-122.861	2.47382	-132.8	-117.7
1237	200   	-122.861	2.47382	-132.8	-117.7
1238	200   	-122.861	2.47382	-132.8	-117.7
1239	200   	-122.857	2.47035	-132.8	-117.7
1240	200   	-122.857	2.47035	-132.8	-117.7
1241	200   	-122.857	2.46934	-132.8	-117.7
1242	200   	-122.857	2.46934	-132.8	-117.7
1243	200   	-122.853	2.47024	-132.8	-117.7
1244	200   	-122.853	2.47024	-132.8	-117.7
1245	200   	-122.853	2.47024	-132.8	-117.7
1246	200   	-122.842	2.48464	-132.8	-117.7
1247	200   	-122.827	2.49512	-132.8	-117.7
1248	200   	-122.827	2.49512	-132.8	-117.7
1249	200   	-122.804	2.49526	-132.8	-117.7
1250	200   	-122.804	2.49526	-132.8	-117.7
1251	200   	-122.804	2.49526	-132.8	-117.7
1252	200   	-122.796	2.50007	-132.8	-117.7
1253	200   	-122.779	2.48376	-132.8	-117.7
1254	200   	-122.753	2.47291	-132.8	-117.7
1255	200   	-122.753	2.47291	-132.8	-117.7
1256	200   	-122.751	2.47263	-132.8	-117.7
1257	200   	-122.751	2.47263	-132.8	-117.7
1258	200   	-122.745	2.47919	-132.8	-117.7
1259	200   	-122.745	2.47919	-132.8	-117.7
1260	200   	-122.721	2.47321	-132.8	-117.7
1261	200   	-122.721	2.47321	-132.8	-117.7
1262	200   	-122.721	2.47321	-132.8	-117.7
1263	200   	-122.707	2.46591	-132.8	-117.7
1264	200   	-122.707	2.46591	-132.8	-117.7
1265	200   	-122.69 	2.47487	-132.8	-117.7
1266	200   	-122.69 	2.47487	-132.8	-117.7
1267	200   	-122.69 	2.47487	-132.8	-117.7
1268	200   	-122.69 	2.47487	-132.8	-117.7
1269	200   	-122.69 	2.47487	-132.8	-117.7
1270	200   	-122.69 	2.47487	-132.8	-117.7
1271	200   	-122.69 	2.47487	-132.8	-117.7
1272	200   	-122.69 	2.47487	-132.8	-117.7
1273	200   	-122.69 	2.47487	-132.8	-117.7
1274	200   	-122.69 	2.47487	-132.8	-117.7
1275	200   	-122.69 	2.47487	-132.8	-117.7
1276	200   	-122.69 	2.47488	-132.8	-117.7
1277	200   	-122.69 	2.47488	-132.8	-117.7
1278	200   	-122.69 	2.47488	-132.8	-117.7
1279	200   	-122.674	2.45139	-132.8	-117.7
1280	200   	-122.665	2.45495	-132.8	-117.7
1281	200   	-122.662	2.4569 	-132.8	-117.7
1282	200   	-122.639	2.44893	-132.8	-117.7
1283	200   	-122.624	2.4433 	-132.8	-117.7
1284	200   	-122.624	2.4433 	-132.8	-117.7
1285	200   	-122.624	2.4433 	-132.8	-117.7
1286	200   	-122.624	2.4433 	-132.8	-117.7
1287	200   	-122.624	2.4433 	-132.8	-117.7
1288	200   	-122.624	2.4433 	-132.8	-117.7
1289	200   	-122.609	2.403  	-132.8	-117.7
1290	200   	-122.609	2.403  	-132.8	-117.7
1291	200   	-122.609	2.403  	-132.8	-117.7
1292	200   	-122.609	2.403  	-132.8	-117.7
1293	200   	-122.609	2.403  	-132.8	-117.7
1294	200   	-122.609	2.403  	-132.8	-117.7
1295	200   	-122.595	2.37967	-132.8	-117.7
1296	200   	-122.565	2.36972	-132.8	-117.7
1297	200   	-122.545	2.35408	-132.8	-117.7
1298	200   	-122.545	2.35408	-132.8	-117.7
1299	200   	-122.545	2.35408	-132.8	-117.7
1300	200   	-122.545	2.35408	-132.8	-117.7
1301	200   	-122.545	2.35408	-132.8	-117.7
1302	200   	-122.533	2.35835	-132.8	-117.7
1303	200   	-122.533	2.35835	-132.8	-117.7
1304	200   	-122.533	2.35835	-132.8	-117.7
1305	200   	-122.533	2.35835	-132.8	-117.7
1306	200   	-122.53 	2.36055	-132.8	-117.7
1307	200   	-122.53 	2.36055	-132.8	-117.7
1308	200   	-122.506	2.35607	-132.8	-117.7
1309	200   	-122.488	2.36546	-132.8	-117.7
1310	200   	-122.488	2.36546	-132.8	-117.7
1311	200   	-122.488	2.36546	-132.8	-117.7
1312	200   	-122.488	2.36546	-132.8	-117.7
1313	200   	-122.487	2.36542	-132.8	-117.7
1314	200   	-122.487	2.36542	-132.8	-117.7
1315	200   	-122.487	2.36542	-132.8	-117.7
1316	200   	-122.487	2.36542	-132.8	-117.7
1317	200   	-122.476	2.36952	-132.8	-117.7
1318	200   	-122.465	2.37257	-132.8	-117.7
1319	200   	-122.465	2.37257	-132.8	-117.7
1320	200   	-122.465	2.37242	-132.8	-117.7
1321	200   	-122.465	2.37242	-132.8	-117.7
1322	200   	-122.465	2.37242	-132.8	-117.7
1323	200   	-122.465	2.37242	-132.8	-117.7
1324	200   	-122.465	2.37242	-132.8	-117.7
1325	200   	-122.465	2.37242	-132.8	-117.7
1326	200   	-122.465	2.37242	-132.8	-117.7
1327	200   	-122.465	2.37242	-132.8	-117.7
1328	200   	-122.465	2.37242	-132.8	-117.7
1329	200   	-122.465	2.37242	-132.8	-117.7
1330	200   	-122.465	2.37242	-132.8	-117.7
1331	200   	-122.465	2.37242	-132.8	-117.7
1332	200   	-122.465	2.37242	-132.8	-117.7
1333	200   	-122.441	2.36848	-132.8	-117.7
1334	200   	-122.441	2.36848	-132.8	-117.7
1335	200   	-122.441	2.36848	-132.8	-117.7
1336	200   	-122.415	2.3611 	-132.8	-117.7
1337	200   	-122.415	2.3611 	-132.8	-117.7
1338	200   	-122.415	2.3611 	-132.8	-117.7
1339	200   	-122.415	2.3611 	-132.8	-117.7
1340	200   	-122.415	2.3611 	-132.8	-117.7
1341	200   	-122.411	2.36341	-132.8	-117.7
1342	200   	-122.411	2.36341	-132.8	-117.7
1343	200   	-122.411	2.36341	-132.8	-117.7
1344	200   	-122.411	2.36341	-132.8	-117.7
1345	200   	-122.411	2.36341	-132.8	-117.7
1346	200   	-122.411	2.36341	-132.8	-117.7
1347	200   	-122.411	2.36341	-132.8	-117.7
1348	200   	-122.411	2.36341	-132.8	-117.7
1349	200   	-122.411	2.36341	-132.8	-117.7
1350	200   	-122.38 	2.34757	-132.8	-117.7
1351	200   	-122.38 	2.34757	-132.8	-117.7
1352	200   	-122.38 	2.34757	-132.8	-117.7
1353	200   	-122.38 	2.34757	-132.8	-117.7
1354	200   	-122.38 	2.34757	-132.8	-117.7
1355	200   	-122.38 	2.34757	-132.8	-117.7
1356	200   	-122.373	2.35403	-132.8	-117.7
1357	200   	-122.373	2.35403	-132.8	-117.7
1358	200   	-122.373	2.35403	-132.8	-117.7
1359	200   	-122.37 	2.35565	-132.8	-117.7
1360	200   	-122.37 	2.35565	-132.8	-117.7
1361	200   	-122.368	2.35376	-132.8	-117.7
1362	200   	-122.368	2.35376	-132.8	-117.7
1363	200   	-122.368	2.35376	-132.8	-117.7
1364	200   	-122.368	2.35376	-132.8	-117.7
1365	200   	-122.368	2.35376	-132.8	-117.7
1366	200   	-122.368	2.35376	-132.8	-117.7
1367	200   	-122.368	2.35376	-132.8	-117.7
1368	200   	-122.368	2.35376	-132.8	-117.7
1369	200   	-122.331	2.32567	-132.8	-117.7
1370	200   	-122.331	2.32567	-132.8	-117.7
1371	200   	-122.331	2.32567	-132.8	-117.7
1372	200   	-122.325	2.33424	-132.8	-117.7
1373	200   	-122.325	2.33424	-132.8	-117.7
1374	200   	-122.325	2.33424	-132.8	-117.7
1375	200   	-122.31 	2.33601	-132.8	-117.7
1376	200   	-122.306	2.33795	-132.8	-117.7
1377	200   	-122.306	2.33795	-132.8	-117.7
1378	200   	-122.301	2.33855	-132.8	-117.7
1379	200   	-122.301	2.33855	-132.8	-117.7
1380	200   	-122.301	2.33855	-132.8	-117.7
1381	200   	-122.301	2.33855	-132.8	-117.7
1382	200   	-122.301	2.33855	-132.8	-117.7
1383	200   	-122.264	2.30801	-132.8	-117.7
1384	200   	-122.264	2.30801	-132.8	-117.7
1385	200   	-122.243	2.30538	-132.8	-117.7
1386	200   	-122.243	2.30538	-132.8	-117.7
1387	200   	-122.242	2.30298	-132.8	-117.7
1388	200   	-122.242	2.30298	-132.8	-117.7
1389	200   	-122.235	2.29503	-132.8	-117.7
1390	200   	-122.222	2.28498	-132.8	-117.7
1391	200   	-122.222	2.28498	-132.8	-117.7
1392	200   	-122.218	2.28641	-132.8	-117.7
1393	200   	-122.218	2.28641	-132.8	-117.7
1394	200   	-122.182	2.27601	-132.8	-117.7
1395	200   	-122.182	2.27601	-132.8	-117.7
1396	200   	-122.175	2.27655	-132.8	-117.7
1397	200   	-122.173	2.27756	-132.8	-117.7
1398	200   	-122.162	2.2803 	-132.8	-117.7
1399	200   	-122.155	2.28317	-132.8	-117.7
1400	200   	-122.155	2.28317	-132.8	-117.7
1401	200   	-122.155	2.28317	-132.8	-117.7
1402	200   	-122.155	2.28317	-132.8	-117.7
1403	200   	-122.144	2.29653	-132.8	-117.7
1404	200   	-122.144	2.29653	-132.8	-117.7
1405	200   	-122.144	2.29653	-132.8	-117.7
1406	200   	-122.144	2.29653	-132.8	-117.7
1407	200   	-122.144	2.29653	-132.8	-117.7
1408	200   	-122.132	2.29911	-132.8	-117.7
1409	200   	-122.132	2.29911	-132.8	-117.7
1410	200   	-122.132	2.29911	-132.8	-117.7
1411	200   	-122.131	2.30007	-132.8	-117.7
1412	200   	-122.107	2.29191	-132.8	-117.7
1413	200   	-122.097	2.29337	-132.8	-117.7
1414	200   	-122.087	2.29573	-132.8	-117.7
1415	200   	-122.064	2.28221	-132.8	-117.7
1416	200   	-122.064	2.28221	-132.8	-117.7
1417	200   	-122.046	2.26285	-132.8	-117.7
1418	200   	-122.046	2.26285	-132.8	-117.7
1419	200   	-122.046	2.26285	-132.8	-117.7
1420	200   	-122.022	2.25365	-132.8	-117.7
1421	200   	-122.022	2.25365	-132.8	-117.7
1422	200   	-122.022	2.25365	-132.8	-117.7
1423	200   	-122.022	2.25365	-132.8	-117.7
1424	200   	-122.02 	2.25505	-132.8	-117.7
1425	200   	-122.02 	2.25505	-132.8	-117.7
1426	200   	-122.02 	2.25505	-132.8	-117.7
1427	200   	-122.02 	2.25505	-132.8	-117.7
1428	200   	-122.02 	2.25505	-132.8	-117.7
1429	200   	-122.02 	2.25505	-132.8	-117.7
1430	200   	-122.02 	2.25505	-132.8	-117.7
1431	200   	-122.008	2.25707	-132.8	-117.7
1432	200   	-121.987	2.27082	-132.8	-117.7
1433	200   	-121.987	2.27082	-132.8	-117.7
1434	200   	-121.987	2.27082	-132.8	-117.7
1435	200   	-121.987	2.27082	-132.8	-117.7
1436	200   	-121.987	2.27082	-132.8	-117.7
1437	200   	-121.987	2.27082	-132.8	-117.7
1438	200   	-121.974	2.27185	-132.8	-117.7
1439	200   	-121.939	2.25215	-132.8	-117.7
1440	200   	-121.939	2.25215	-132.8	-117.7
1441	200   	-121.935	2.25384	-132.8	-117.7
1442	200   	-121.935	2.25384	-132.8	-117.7
1443	200   	-121.935	2.25384	-132.8	-117.7
1444	200   	-121.918	2.266  	-132.8	-117.7
1445	200   	-121.918	2.266  	-132.8	-117.7
1446	200   	-121.918	2.266  	-132.8	-117.7
1447	200   	-121.918	2.266  	-132.8	-117.7
1448	200   	-121.898	2.27944	-132.8	-117.7
1449	200   	-121.898	2.27944	-132.8	-117.7
1450	200   	-121.898	2.27944	-132.8	-117.7
1451	200   	-121.898	2.27976	-132.8	-117.7
1452	200   	-121.898	2.27976	-132.8	-117.7
1453	200   	-121.898	2.27976	-132.8	-117.7
1454	200   	-121.898	2.27976	-132.8	-117.7
1455	200   	-121.898	2.27976	-132.8	-117.7
1456	200   	-121.898	2.27976	-132.8	-117.7
1457	200   	-121.898	2.27976	-132.8	-117.7
1458	200   	-121.889	2.28683	-132.8	-117.7
1459	200   	-121.889	2.28683	-132.8	-117.7
1460	200   	-121.889	2.28683	-132.8	-117.7
1461	200   	-121.873	2.2908 	-132.8	-117.7
1462	200   	-121.873	2.2908 	-132.8	-117.7
1463	200   	-121.873	2.2908 	-132.8	-117.7
1464	200   	-121.873	2.2908 	-132.8	-117.7
1465	200   	-121.873	2.2908 	-132.8	-117.7
1466	200   	-121.873	2.2908 	-132.8	-117.7
1467	200   	-121.873	2.2908 	-132.8	-117.7
1468	200   	-121.86 	2.27908	-132.8	-117.7
1469	200   	-121.86 	2.27908	-132.8	-117.7
1470	200   	-121.86 	2.27908	-132.8	-117.7
1471	200   	-121.86 	2.27908	-132.8	-117.7
1472	200   	-121.86 	2.27908	-132.8	-117.7
1473	200   	-121.86 	2.27908	-132.8	-117.7
1474	200   	-121.86 	2.27908	-132.8	-117.7
1475	200   	-121.858	2.2801 	-132.8	-117.7
1476	200   	-121.858	2.2801 	-132.8	-117.7
1477	200   	-121.858	2.2801 	-132.8	-117.7
1478	200   	-121.858	2.2801 	-132.8	-117.7
1479	200   	-121.858	2.2801 	-132.8	-117.7
1480	200   	-121.823	2.24795	-132.8	-117.7
1481	200   	-121.817	2.25547	-132.8	-117.7
1482	200   	-121.814	2.25805	-132.8	-117.7
1483	200   	-121.814	2.25805	-132.8	-117.7
1484	200   	-121.797	2.27908	-132.8	-117.3
1485	200   	-121.797	2.27908	-132.8	-117.3
1486	200   	-121.797	2.27908	-132.8	-117.3
1487	200   	-121.797	2.27908	-132.8	-117.3
1488	200   	-121.797	2.27908	-132.8	-117.3
1489	200   	-121.797	2.27908	-132.8	-117.3
1490	200   	-121.797	2.27908	-132.8	-117.3
1491	200   	-121.797	2.27908	-132.8	-117.3
1492	200   	-121.797	2.27908	-132.8	-117.3
1493	200   	-121.797	2.27908	-132.8	-117.3
1494	200   	-121.788	2.2743 	-132.8	-117.3
1495	200   	-121.788	2.2743 	-132.8	-117.3
1496	200   	-121.788	2.2743 	-132.8	-117.3
1497	200   	-121.788	2.2743 	-132.8	-117.3
1498	200   	-121.788	2.2743 	-132.8	-117.3
1499	200   	-121.788	2.2743 	-132.8	-117.3
1500	200   	-121.788	2.2743 	-132.8	-117.3
1501	200   	-121.788	2.2743 	-132.8	-117.3
1502	200   	-121.739	2.26684	-132.8	-117.3
1503	200   	-121.739	2.26684	-132.8	-117.3
1504	200   	-121.739	2.26684	-132.8	-117.3
1505	200   	-121.739	2.26684	-132.8	-117.3
1506	200   	-121.739	2.26684	-132.8	-117.3
1507	200   	-121.698	2.26897	-132.8	-117.3
1508	200   	-121.696	2.26791	-132.8	-117.3
1509	200   	-121.681	2.27071	-132.8	-117.3
1510	200   	-121.681	2.27071	-132.8	-117.3
1511	200   	-121.681	2.27071	-132.8	-117.3
1512	200   	-121.681	2.27071	-132.8	-117.3
1513	200   	-121.681	2.27071	-132.8	-117.3
1514	200   	-121.681	2.27071	-132.8	-117.3
1515	200   	-121.669	2.28165	-132.8	-117.3
1516	200   	-121.669	2.28165	-132.8	-117.3
1517	200   	-121.669	2.28165	-132.8	-117.3
1518	200   	-121.669	2.28165	-132.8	-117.3
1519	200   	-121.669	2.28165	-132.8	-117.3
1520	200   	-121.669	2.28165	-132.8	-117.3
1521	200   	-121.658	2.28196	-132.8	-117.3
1522	200   	-121.658	2.28196	-132.8	-117.3
1523	200   	-121.658	2.28196	-132.8	-117.3
1524	200   	-121.644	2.29329	-132.8	-117.3
1525	200   	-121.644	2.29329	-132.8	-117.3
1526	200   	-121.604	2.18474	-132.8	-117.3
1527	200   	-121.604	2.18474	-132.8	-117.3
1528	200   	-121.604	2.18474	-132.8	-117.3
1529	200   	-121.58 	2.17032	-132.8	-117.3
1530	200   	-121.58 	2.17032	-132.8	-117.3
1531	200   	-121.58 	2.17032	-132.8	-117.3
1532	200   	-121.55 	2.16062	-132.8	-117.3
1533	200   	-121.55 	2.16062	-132.8	-117.3
1534	200   	-121.5  	2.12729	-132.8	-117.3
1535	200   	-121.495	2.13035	-132.8	-117.3
1536	200   	-121.467	2.11114	-132.8	-117.3
1537	200   	-121.467	2.11114	-132.8	-117.3
1538	200   	-121.441	2.13043	-132.8	-117.3
1539	200   	-121.441	2.13043	-132.8	-117.3
1540	200   	-121.441	2.13043	-132.8	-117.3
1541	200   	-121.441	2.13043	-132.8	-117.3
1542	200   	-121.441	2.13043	-132.8	-117.3
1543	200   	-121.441	2.13043	-132.8	-117.3
1544	200   	-121.441	2.13043	-132.8	-117.3
1545	200   	-121.441	2.13043	-132.8	-117.3
1546	200   	-121.441	2.13043	-132.8	-117.3
1547	200   	-121.431	2.12987	-132.8	-117.3
1548	200   	-121.431	2.12987	-132.8	-117.3
1549	200   	-121.431	2.12987	-132.8	-117.3
1550	200   	-121.431	2.12987	-132.8	-117.3
1551	200   	-121.41 	2.12654	-132.8	-117.3
1552	200   	-121.41 	2.12654	-132.8	-117.3
1553	200   	-121.398	2.13533	-132.8	-117.3
1554	200   	-121.398	2.13533	-132.8	-117.3
1555	200   	-121.398	2.13533	-132.8	-117.3
1556	200   	-121.398	2.13533	-132.8	-117.3
1557	200   	-121.398	2.13533	-132.8	-117.3
1558	200   	-121.398	2.13533	-132.8	-117.3
1559	200   	-121.353	2.10005	-132.8	-117.3
1560	200   	-121.353	2.10005	-132.8	-117.3
1561	200   	-121.353	2.10005	-132.8	-117.3
1562	200   	-121.353	2.10005	-132.8	-117.3
1563	200   	-121.33 	2.11923	-132.8	-117.3
1564	200   	-121.32 	2.1285 	-132.8	-117.3
1565	200   	-121.31 	2.10151	-132.8	-117.3
1566	200   	-121.305	2.1042 	-132.8	-117.3
1567	200   	-121.284	2.11179	-132.8	-117.3
1568	200   	-121.278	2.11826	-132.8	-117.3
1569	200   	-121.278	2.11826	-132.8	-117.3
1570	200   	-121.267	2.11689	-132.8	-117.3
1571	200   	-121.267	2.11689	-132.8	-117.3
1572	200   	-121.267	2.11689	-132.8	-117.3
1573	200   	-121.256	2.12654	-132.8	-117.3
1574	200   	-121.246	2.13412	-132.8	-117.3
1575	200   	-121.246	2.13412	-132.8	-117.3
1576	200   	-121.246	2.13412	-132.8	-117.3
1577	200   	-121.246	2.13412	-132.8	-117.3
1578	200   	-121.236	2.14292	-132.8	-117.3
1579	200   	-121.236	2.14292	-132.8	-117.3
1580	200   	-121.236	2.14292	-132.8	-117.3
1581	200   	-121.236	2.14292	-132.8	-117.3
1582	200   	-121.236	2.14292	-132.8	-117.3
1583	200   	-121.236	2.14292	-132.8	-117.3
1584	200   	-121.233	2.14311	-132.8	-117.3
1585	200   	-121.222	2.1453 	-132.8	-117.3
1586	200   	-121.222	2.1453 	-132.8	-117.3
1587	200   	-121.222	2.1453 	-132.8	-117.3
1588	200   	-121.222	2.1453 	-132.8	-117.3
1589	200   	-121.222	2.1453 	-132.8	-117.3
1590	200   	-121.222	2.1453 	-132.8	-117.3
1591	200   	-121.222	2.1453 	-132.8	-117.3
1592	200   	-121.15 	1.99166	-126.2	-117.3
1593	200   	-121.15 	1.99166	-126.2	-117.3
1594	200   	-121.15 	1.99166	-126.2	-117.3
1595	200   	-121.125	2.00622	-126.2	-117.3
1596	200   	-121.064	1.99725	-126  	-117.3
1597	200   	-121.046	1.99361	-126  	-117.3
1598	200   	-121.046	1.99361	-126  	-117.3
1599	200   	-121.046	1.99361	-126  	-117.3
1600	200   	-121.005	2.00495	-126  	-117.3
1601	200   	-121.005	2.00495	-126  	-117.3
1602	200   	-120.996	2.01161	-126  	-117.3
1603	200   	-120.938	1.99516	-126  	-117.3
1604	200   	-120.923	1.99501	-126  	-117.3
1605	200   	-120.923	1.99501	-126  	-117.3
1606	200   	-120.923	1.99501	-126  	-117.3
1607	200   	-120.906	2.00616	-126  	-117.3
1608	200   	-120.906	2.00616	-126  	-117.3
1609	200   	-120.906	2.00616	-126  	-117.3
1610	200   	-120.906	2.00616	-126  	-117.3
1611	200   	-120.868	2.01081	-126  	-117.3
1612	200   	-120.868	2.01081	-126  	-117.3
1613	200   	-120.868	2.01081	-126  	-117.3
1614	200   	-120.868	2.01081	-126  	-117.3
1615	200   	-120.868	2.01081	-126  	-117.3
1616	200   	-120.868	2.01081	-126  	-117.3
1617	200   	-120.858	2.00348	-126  	-117.3
1618	200   	-120.858	2.00348	-126  	-117.3
1619	200   	-120.858	2.00348	-126  	-117.3
1620	200   	-120.858	2.00348	-126  	-117.3
1621	200   	-120.858	2.00348	-126  	-117.3
1622	200   	-120.858	2.00348	-126  	-117.3
1623	200   	-120.835	1.98199	-126  	-117.3
1624	200   	-120.834	1.98211	-126  	-117.3
1625	200   	-120.834	1.98211	-126  	-117.3
1626	200   	-120.813	1.97386	-126  	-117.3
1627	200   	-120.813	1.97386	-126  	-117.3
1628	200   	-120.789	1.97772	-126  	-117.3
1629	200   	-120.789	1.97772	-126  	-117.3
1630	200   	-120.769	1.97905	-126  	-117.3
1631	200   	-120.769	1.97905	-126  	-117.3
1632	200   	-120.749	2.00459	-126  	-116.2
1633	200   	-120.736	2.01078	-126  	-116.2
1634	200   	-120.715	2.01265	-126  	-116.2
1635	200   	-120.682	2.01651	-126  	-116.2
1636	200   	-120.682	2.01651	-126  	-116.2
1637	200   	-120.682	2.01651	-126  	-116.2
1638	200   	-120.655	2.02447	-126  	-116.2
1639	200   	-120.655	2.02447	-126  	-116.2
1640	200   	-120.619	1.99883	-126  	-116.2
1641	200   	-120.589	2.02447	-126  	-116.2
1642	200   	-120.589	2.02447	-126  	-116.2
1643	200   	-120.55 	1.99985	-126  	-116.2
1644	200   	-120.55 	1.99985	-126  	-116.2
1645	200   	-120.55 	1.99985	-126  	-116.2
1646	200   	-120.523	2.00709	-126  	-116.2
1647	200   	-120.523	2.00709	-126  	-116.2
1648	200   	-120.523	2.00709	-126  	-116.2
1649	200   	-120.523	2.00709	-126  	-116.2
1650	200   	-120.503	2.00569	-126  	-116.2
1651	200   	-120.486	2.00237	-126  	-116.2
1652	200   	-120.486	2.00237	-126  	-116.2
1653	200   	-120.467	2.01117	-126  	-116.2
1654	200   	-120.467	2.01117	-126  	-116.2
1655	200   	-120.453	2.01596	-126  	-116.2
1656	200   	-120.449	2.01648	-126  	-116.2
1657	200   	-120.449	2.01648	-126  	-116.2
1658	200   	-120.433	2.02539	-126  	-116.2
1659	200   	-120.433	2.02539	-126  	-116.2
1660	200   	-120.422	2.03045	-126  	-116.2
1661	200   	-120.422	2.03045	-126  	-116.2
1662	200   	-120.403	2.04825	-126  	-116.2
1663	200   	-120.403	2.04825	-126  	-116.2
1664	200   	-120.403	2.04825	-126  	-116.2
1665	200   	-120.38 	2.04761	-126  	-116.2
1666	200   	-120.38 	2.04761	-126  	-116.2
1667	200   	-120.37 	2.05236	-126  	-116.2
1668	200   	-120.37 	2.05236	-126  	-116.2
1669	200   	-120.36 	2.05706	-126  	-116.2
1670	200   	-120.36 	2.05706	-126  	-116.2
1671	200   	-120.36 	2.05706	-126  	-116.2
1672	200   	-120.35 	2.06167	-126  	-116.2
1673	200   	-120.35 	2.06167	-126  	-116.2
1674	200   	-120.339	2.07221	-126  	-116.2
1675	200   	-120.293	2.056  	-126  	-116.2
1676	200   	-120.293	2.056  	-126  	-116.2
1677	200   	-120.293	2.056  	-126  	-116.2
1678	200   	-120.293	2.056  	-126  	-116.2
1679	200   	-120.293	2.056  	-126  	-116.2
1680	200   	-120.293	2.05648	-126  	-116.2
1681	200   	-120.291	2.05735	-126  	-116.2
1682	200   	-120.291	2.05735	-126  	-116.2
1683	200   	-120.291	2.05735	-126  	-116.2
1684	200   	-120.291	2.05735	-126  	-116.2
1685	200   	-120.263	2.06181	-126  	-116.2
1686	200   	-120.253	2.06506	-126  	-116.2
1687	200   	-120.253	2.06506	-126  	-116.2
1688	200   	-120.253	2.06506	-126  	-116.2
1689	200   	-120.253	2.06506	-126  	-116.2
1690	200   	-120.253	2.06506	-126  	-116.2
1691	200   	-120.253	2.06506	-126  	-116.2
1692	200   	-120.253	2.06506	-126  	-116.2
1693	200   	-120.221	2.0919 	-126  	-116.1
1694	200   	-120.195	2.09228	-126  	-116.1
1695	200   	-120.195	2.09228	-126  	-116.1
1696	200   	-120.181	2.08734	-126  	-116.1
1697	200   	-120.142	2.05125	-126  	-116.1
1698	200   	-120.126	2.06085	-126  	-116.1
1699	200   	-120.126	2.06085	-126  	-116.1
1700	200   	-120.126	2.06085	-126  	-116.1
1701	200   	-120.126	2.06085	-126  	-116.1
1702	200   	-120.1  	2.07734	-126  	-116.1
1703	200   	-120.09 	2.07983	-126  	-116.1
1704	200   	-120.085	2.08004	-126  	-116.1
1705	200   	-120.085	2.08004	-126  	-116.1
1706	200   	-120.069	2.04828	-126  	-116.1
1707	200   	-120.069	2.04828	-126  	-116.1
1708	200   	-120.032	2.01194	-126  	-116.1
1709	200   	-120.017	2.01786	-126  	-116.1
1710	200   	-120.017	2.01786	-126  	-116.1
1711	200   	-120.017	2.01786	-126  	-116.1
1712	200   	-120.017	2.01786	-126  	-116.1
1713	200   	-120    	2.0209 	-126  	-116.1
1714	200   	-120    	2.0209 	-126  	-116.1
1715	200   	-119.994	2.02427	-126  	-116.1
1716	200   	-119.994	2.02427	-126  	-116.1
1717	200   	-119.994	2.02427	-126  	-116.1
1718	200   	-119.994	2.02427	-126  	-116.1
1719	200   	-119.994	2.02427	-126  	-116.1
1720	200   	-119.991	2.02618	-126  	-116.1
1721	200   	-119.955	1.98841	-126  	-116.1
1722	200   	-119.955	1.98841	-126  	-116.1
1723	200   	-119.955	1.98841	-126  	-116.1
1724	200   	-119.942	1.99051	-126  	-116.1
1725	200   	-119.942	1.99051	-126  	-116.1
1726	200   	-119.932	1.99308	-126  	-116.1
1727	200   	-119.917	2.00153	-126  	-116.1
1728	200   	-119.917	2.00153	-126  	-116.1
1729	200   	-119.876	1.97558	-126  	-116.1
1730	200   	-119.85 	1.96766	-126  	-116.1
1731	200   	-119.85 	1.96766	-126  	-116.1
1732	200   	-119.85 	1.96766	-126  	-116.1
1733	200   	-119.85 	1.96766	-126  	-116.1
1734	200   	-119.84 	1.96474	-126  	-116.1
1735	200   	-119.773	1.91527	-126  	-116.1
1736	200   	-119.756	1.90441	-126  	-116.1
1737	200   	-119.744	1.91916	-126  	-116.1
1738	200   	-119.744	1.91916	-126  	-116.1
1739	200   	-119.744	1.91916	-126  	-116.1
1740	200   	-119.744	1.91916	-126  	-116.1
1741	200   	-119.744	1.91916	-126  	-116.1
1742	200   	-119.731	1.91941	-126  	-116.1
1743	200   	-119.731	1.91941	-126  	-116.1
1744	200   	-119.715	1.9166 	-126  	-116.1
1745	200   	-119.715	1.9166 	-126  	-116.1
1746	200   	-119.715	1.9166 	-126  	-116.1
1747	200   	-119.704	1.91802	-126  	-116.1
1748	200   	-119.704	1.91802	-126  	-116.1
1749	200   	-119.704	1.91802	-126  	-116.1
1750	200   	-119.67 	1.88019	-126  	-116.1
1751	200   	-119.664	1.88231	-126  	-116.1
1752	200   	-119.637	1.87729	-126  	-116.1
1753	200   	-119.622	1.8804 	-126  	-116.1
1754	200   	-119.62 	1.87958	-126  	-116.1
1755	200   	-119.615	1.88154	-126  	-116.1
1756	200   	-119.579	1.89379	-126  	-116.1
1757	200   	-119.525	1.89346	-126  	-116.1
1758	200   	-119.523	1.89477	-126  	-116.1
1759	200   	-119.516	1.89152	-126  	-116.1
1760	200   	-119.507	1.89517	-126  	-116.1
1761	200   	-119.507	1.89517	-126  	-116.1
1762	200   	-119.507	1.89517	-126  	-116.1
1763	200   	-119.489	1.88781	-126  	-116.1
1764	200   	-119.489	1.88781	-126  	-116.1
1765	200   	-119.484	1.89095	-126  	-116.1
1766	200   	-119.484	1.89095	-126  	-116.1
1767	200   	-119.484	1.89095	-126  	-116.1
1768	200   	-119.484	1.89095	-126  	-116.1
1769	200   	-119.46 	1.87401	-126  	-116.1
1770	200   	-119.46 	1.87401	-126  	-116.1
1771	200   	-119.45 	1.87454	-126  	-116.1
1772	200   	-119.45 	1.87454	-126  	-116.1
1773	200   	-119.434	1.86918	-126  	-116.1
1774	200   	-119.434	1.86918	-126  	-116.1
1775	200   	-119.423	1.86906	-126  	-116.1
1776	200   	-119.377	1.85319	-126  	-116.1
1777	200   	-119.377	1.85319	-126  	-116.1
1778	200   	-119.377	1.85319	-126  	-116.1
1779	200   	-119.331	1.91795	-126  	-112.8
1780	200   	-119.294	1.86512	-126  	-112.8
1781	200   	-119.294	1.86512	-126  	-112.8
1782	200   	-119.293	1.86554	-126  	-112.8
1783	200   	-119.293	1.86554	-126  	-112.8
1784	200   	-119.286	1.85987	-126  	-112.8
1785	200   	-119.27 	1.81791	-126  	-112.8
1786	200   	-119.25 	1.80444	-126  	-112.8
1787	200   	-119.25 	1.80444	-126  	-112.8
1788	200   	-119.25 	1.80444	-126  	-112.8
1789	200   	-119.25 	1.80444	-126  	-112.8
1790	200   	-119.237	1.80007	-126  	-112.8
1791	200   	-119.227	1.7988 	-126  	-112.8
1792	200   	-119.227	1.7988 	-126  	-112.8
1793	200   	-119.205	1.80232	-126  	-112.8
1794	200   	-119.205	1.80232	-126  	-112.8
1795	200   	-119.174	1.78428	-126  	-112.8
1796	200   	-119.162	1.7889 	-126  	-112.8
1797	200   	-119.145	1.80063	-126  	-112.8
1798	200   	-119.145	1.80063	-126  	-112.8
1799	200   	-119.123	1.80996	-126  	-112.8
1800	200   	-119.123	1.80996	-126  	-112.8
1801	200   	-119.097	1.8585 	-126  	-112.8
1802	200   	-119.097	1.8585 	-126  	-112.8
1803	200   	-119.097	1.8585 	-126  	-112.8
1804	200   	-119.06 	1.88107	-126  	-112.8
1805	200   	-119.03 	1.84456	-126  	-112.8
1806	200   	-119.03 	1.84456	-126  	-112.8
1807	200   	-119.007	1.8272 	-126  	-112.8
1808	200   	-118.995	1.83768	-126  	-112.8
1809	200   	-118.995	1.83768	-126  	-112.8
1810	200   	-118.995	1.83768	-126  	-112.8
1811	200   	-118.972	1.84549	-126  	-112.8
1812	200   	-118.957	1.84446	-126  	-112.8
1813	200   	-118.957	1.84463	-126  	-112.8
1814	200   	-118.946	1.85445	-126  	-112.8
1815	200   	-118.946	1.85445	-126  	-112.8
1816	200   	-118.946	1.85445	-126  	-112.8
1817	200   	-118.935	1.86429	-126  	-112.8
1818	200   	-118.921	1.86268	-126  	-112.8
1819	200   	-118.915	1.86258	-126  	-112.8
1820	200   	-118.915	1.86258	-126  	-112.8
1821	200   	-118.9  	1.86265	-126  	-112.8
1822	200   	-118.9  	1.86265	-126  	-112.8
1823	200   	-118.9  	1.86265	-126  	-112.8
1824	200   	-118.9  	1.86265	-126  	-112.8
1825	200   	-118.9  	1.86265	-126  	-112.8
1826	200   	-118.9  	1.86265	-126  	-112.8
1827	200   	-118.889	1.85951	-126  	-112.8
1828	200   	-118.868	1.86561	-126  	-112.8
1829	200   	-118.857	1.8623 	-126  	-112.8
1830	200   	-118.857	1.8623 	-126  	-112.8
1831	200   	-118.857	1.8623 	-126  	-112.8
1832	200   	-118.857	1.8623 	-126  	-112.8
1833	200   	-118.857	1.8623 	-126  	-112.8
1834	200   	-118.857	1.8623 	-126  	-112.8
1835	200   	-118.857	1.8623 	-126  	-112.8
1836	200   	-118.851	1.86922	-126  	-112.8
1837	200   	-118.841	1.86583	-126  	-112.8
1838	200   	-118.811	1.85849	-126  	-112.8
1839	200   	-118.811	1.85849	-126  	-112.8
1840	200   	-118.773	1.90234	-126  	-112.8
1841	200   	-118.766	1.90514	-126  	-112.8
1842	200   	-118.737	1.91633	-126  	-112.8
1843	200   	-118.737	1.91633	-126  	-112.8
1844	200   	-118.731	1.91886	-126  	-112.8
1845	200   	-118.726	1.92453	-126  	-112.8
1846	200   	-118.716	1.93241	-126  	-112.8
1847	200   	-118.716	1.93241	-126  	-112.8
1848	200   	-118.705	1.92839	-126  	-112.8
1849	200   	-118.705	1.92839	-126  	-112.8
1850	200   	-118.704	1.92874	-126  	-112.8
1851	200   	-118.693	1.9367 	-126  	-112.8
1852	200   	-118.692	1.93676	-126  	-112.8
1853	200   	-118.659	1.88452	-126  	-112.8
1854	200   	-118.659	1.88452	-126  	-112.8
1855	200   	-118.659	1.88452	-126  	-112.8
1856	200   	-118.608	1.864  	-126  	-112.8
1857	200   	-118.584	1.83664	-126  	-112.8
1858	200   	-118.584	1.83664	-126  	-112.8
1859	200   	-118.584	1.83664	-126  	-112.8
1860	200   	-118.584	1.83664	-126  	-112.8
1861	200   	-118.584	1.83664	-126  	-112.8
1862	200   	-118.584	1.83664	-126  	-112.8
1863	200   	-118.584	1.83664	-126  	-112.8
1864	200   	-118.584	1.83664	-126  	-112.8
1865	200   	-118.584	1.83664	-126  	-112.8
1866	200   	-118.584	1.83664	-126  	-112.8
1867	200   	-118.584	1.83664	-126  	-112.8
1868	200   	-118.544	1.86755	-126  	-112.8
1869	200   	-118.544	1.86755	-126  	-112.8
1870	200   	-118.544	1.86755	-126  	-112.8
1871	200   	-118.544	1.86755	-126  	-112.8
1872	200   	-118.544	1.86755	-126  	-112.8
1873	200   	-118.543	1.86768	-126  	-112.8
1874	200   	-118.531	1.86256	-126  	-112.8
1875	200   	-118.531	1.86256	-126  	-112.8
1876	200   	-118.531	1.86256	-126  	-112.8
1877	200   	-118.524	1.86041	-126  	-112.8
1878	200   	-118.513	1.85526	-126  	-112.8
1879	200   	-118.507	1.85421	-126  	-112.8
1880	200   	-118.507	1.85421	-126  	-112.8
1881	200   	-118.507	1.85421	-126  	-112.8
1882	200   	-118.496	1.86196	-126  	-112.8
1883	200   	-118.459	1.90715	-126  	-112.8
1884	200   	-118.459	1.90715	-126  	-112.8
1885	200   	-118.459	1.90715	-126  	-112.8
1886	200   	-118.445	1.93248	-126  	-112.8
1887	200   	-118.445	1.93248	-126  	-112.8
1888	200   	-118.445	1.93248	-126  	-112.8
1889	200   	-118.445	1.93248	-126  	-112.8
1890	200   	-118.445	1.93248	-126  	-112.8
1891	200   	-118.445	1.93248	-126  	-112.8
1892	200   	-118.445	1.93248	-126  	-112.8
1893	200   	-118.387	1.87572	-126  	-112.8
1894	200   	-118.382	1.87024	-126  	-112.8
1895	200   	-118.375	1.85008	-126  	-112.8
1896	200   	-118.365	1.84458	-126  	-112.8
1897	200   	-118.365	1.84458	-126  	-112.8
1898	200   	-118.365	1.84458	-126  	-112.8
1899	200   	-118.365	1.84458	-126  	-112.8
1900	200   	-118.355	1.85089	-126  	-112.8
1901	200   	-118.349	1.84613	-126  	-112.8
1902	200   	-118.349	1.84613	-126  	-112.8
1903	200   	-118.349	1.84613	-126  	-112.8
1904	200   	-118.349	1.84613	-126  	-112.8
1905	200   	-118.349	1.84613	-126  	-112.8
1906	200   	-118.317	1.88746	-126  	-112.8
1907	200   	-118.287	1.86718	-126  	-112.8
1908	200   	-118.287	1.86718	-126  	-112.8
1909	200   	-118.216	1.90432	-126  	-112.8
1910	200   	-118.216	1.90432	-126  	-112.8
1911	200   	-118.216	1.90432	-126  	-112.8
1912	200   	-118.216	1.90432	-126  	-112.8
1913	200   	-118.216	1.90432	-126  	-112.8
1914	200   	-118.216	1.90432	-126  	-112.8
1915	200   	-118.191	1.9382 	-126  	-112.8
1916	200   	-118.191	1.9382 	-126  	-112.8
1917	200   	-118.181	1.93134	-126  	-112.8
1918	200   	-118.174	1.9284 	-126  	-112.8
1919	200   	-118.163	1.93335	-126  	-112.8
1920	200   	-118.163	1.93335	-126  	-112.8
1921	200   	-118.147	1.96125	-126  	-112.8
1922	200   	-118.13 	1.97532	-126  	-112.8
1923	200   	-118.13 	1.97532	-126  	-112.8
1924	200   	-118.13 	1.97532	-126  	-112.8
1925	200   	-118.112	1.97722	-126  	-112.8
1926	200   	-118.063	2.00934	-126  	-112.8
1927	200   	-118.03 	2.01018	-126  	-112.8
1928	200   	-118.03 	2.01018	-126  	-112.8
1929	200   	-118.02 	2.00272	-126  	-112.8
1930	200   	-117.957	1.95782	-126  	-112.8
1931	200   	-117.946	1.96147	-126  	-112.8
1932	200   	-117.946	1.96147	-126  	-112.8
1933	200   	-117.94 	1.96191	-126  	-112.8
1934	200   	-117.913	1.9911 	-126  	-112.8
1935	200   	-117.913	1.9911 	-126  	-112.8
1936	200   	-117.913	1.9911 	-126  	-112.8
1937	200   	-117.913	1.9911 	-126  	-112.8
1938	200   	-117.912	1.99483	-126  	-112.8
1939	200   	-117.912	1.99483	-126  	-112.8
1940	200   	-117.897	2.01996	-126  	-112.8
1941	200   	-117.859	2.02115	-126  	-112.8
1942	200   	-117.859	2.02115	-126  	-112.8
1943	200   	-117.859	2.02115	-126  	-112.8
1944	200   	-117.859	2.02115	-126  	-112.8
1945	200   	-117.859	2.02115	-126  	-112.8
1946	200   	-117.859	2.02115	-126  	-112.8
1947	200   	-117.832	2.00793	-126  	-112.8
1948	200   	-117.805	1.99508	-126  	-112.8
1949	200   	-117.783	1.98907	-126  	-112.8
1950	200   	-117.783	1.98907	-126  	-112.8
1951	200   	-117.766	2.01686	-126  	-112.8
1952	200   	-117.712	2.03267	-126  	-112.8
1953	200   	-117.687	2.05822	-126  	-112.8
1954	200   	-117.687	2.05822	-126  	-112.8
1955	200   	-117.66 	2.08283	-126  	-112.8
1956	200   	-117.649	2.07307	-126  	-112.8
1957	200   	-117.639	2.0639 	-126  	-112.8
1958	200   	-117.639	2.0639 	-126  	-112.8
1959	200   	-117.561	2.13373	-126  	-112.8
1960	200   	-117.533	2.15912	-126  	-112.8
1961	200   	-117.529	2.16621	-126  	-112.8
1962	200   	-117.518	2.16734	-126  	-112.8
1963	200   	-117.509	2.16762	-126  	-112.8
1964	200   	-117.509	2.16762	-126  	-112.8
1965	200   	-117.486	2.19288	-126  	-112.8
1966	200   	-117.486	2.19288	-126  	-112.8
1967	200   	-117.486	2.19288	-126  	-112.8
1968	200   	-117.428	2.19422	-126  	-112.8
1969	200   	-117.396	2.20989	-126  	-112.8
1970	200   	-117.345	2.24479	-126  	-112.8
1971	200   	-117.345	2.24479	-126  	-112.8
1972	200   	-117.334	2.24498	-126  	-112.8
1973	200   	-117.334	2.24498	-126  	-112.8
1974	200   	-117.334	2.24498	-126  	-112.8
1975	200   	-117.334	2.24498	-126  	-112.8
1976	200   	-117.322	2.24486	-126  	-112.8
1977	200   	-117.311	2.24495	-126  	-112.8
1978	200   	-117.311	2.24495	-126  	-112.8
1979	200   	-117.29 	2.23487	-126  	-112.8
1980	200   	-117.279	2.23479	-126  	-112.8
1981	200   	-117.277	2.23461	-126  	-112.8
1982	200   	-117.249	2.25535	-126  	-112.8
1983	200   	-117.24 	2.25433	-126  	-112.8
1984	200   	-117.212	2.27444	-126  	-112.8
1985	200   	-117.179	2.29411	-126  	-112.8
1986	200   	-117.179	2.29411	-126  	-112.8
1987	200   	-117.179	2.29411	-126  	-112.8
1988	200   	-117.157	2.28301	-126  	-112.8
1989	200   	-117.157	2.28301	-126  	-112.8
1990	200   	-117.13 	2.30186	-126  	-112.8
1991	200   	-117.094	2.30747	-126  	-112.8
1992	200   	-117.089	2.30755	-126  	-112.8
1993	200   	-117.078	2.30652	-126  	-112.8
1994	200   	-117.052	2.32157	-126  	-112.8
1995	200   	-117.044	2.31967	-126  	-112.8
1996	200   	-117.044	2.31967	-126  	-112.8
1997	200   	-117.044	2.31967	-126  	-112.8
1998	200   	-117.02 	2.33546	-126  	-112.8
1999	200   	-117.013	2.33341	-126  	-112.8
2000	200   	-117.013	2.33341	-126  	-112.8