gen 	nevals	avg     	std     	min   	max   
0   	200   	-399.942	346.444 	-1000 	-192.8
1   	200   	-219.928	124.913 	-1000 	-192.8
2   	200   	-199.859	0.950589	-200  	-192.8
3   	200   	-199.636	2.85235 	-200  	-162.1
4   	200   	-199.554	2.93918 	-200  	-162.1
5   	200   	-199.282	3.59295 	-200  	-162.1
6   	200   	-199.134	3.68902 	-200  	-162.1
7   	200   	-198.99 	3.79096 	-200  	-162.1
8   	200   	-198.703	4.48433 	-200  	-162.1
9   	200   	-198.415	5.06784 	-200  	-162.1
10  	200   	-198.387	5.07712 	-200  	-162.1
11  	200   	-197.787	6.45856 	-200  	-153.6
12  	200   	-197.294	7.04309 	-200  	-153.6
13  	200   	-196.868	7.17431 	-200  	-153.6
14  	200   	-196.487	7.81676 	-200  	-153.6
15  	200   	-196.037	8.61094 	-200  	-153.6
16  	200   	-195.102	9.63867 	-200  	-153.6
17  	200   	-194.653	9.92591 	-200  	-153.6
18  	200   	-193.63 	11.3082 	-200  	-141.6
19  	200   	-192.944	11.5509 	-200  	-141.6
20  	200   	-192.578	11.6979 	-200  	-141.6
21  	200   	-192.097	11.6911 	-200  	-141.6
22  	200   	-191.363	12.1312 	-200  	-141.6
23  	200   	-190.405	12.9327 	-200  	-141.6
24  	200   	-189.88 	13.2301 	-200  	-141.6
25  	200   	-189.227	13.5544 	-200  	-141.6
26  	200   	-188.525	13.6281 	-200  	-141.6
27  	200   	-188.012	13.6399 	-200  	-141.6
28  	200   	-187.787	13.6212 	-200  	-141.6
29  	200   	-187.072	14.1971 	-200  	-141.6
30  	200   	-186.925	14.1506 	-200  	-141.6
31  	200   	-186.094	14.5724 	-200  	-141.6
32  	200   	-184.995	15.1179 	-200  	-141.6
33  	200   	-184.109	15.5401 	-200  	-141.6
34  	200   	-183.258	16.094  	-200  	-133.3
35  	200   	-182.214	16.6354 	-200  	-133.3
36  	200   	-181.197	17.0799 	-200  	-133.3
37  	200   	-180.28 	16.9568 	-200  	-133.3
38  	200   	-179.236	17.1278 	-200  	-133.3
39  	200   	-178.784	16.9556 	-200  	-133.3
40  	200   	-178.181	16.819  	-200  	-133.3
41  	200   	-177.236	16.7105 	-200  	-133.3
42  	200   	-176.395	16.7462 	-200  	-133.3
43  	200   	-175.605	17.4416 	-200  	-116.4
44  	200   	-175.088	17.6014 	-200  	-116.4
45  	200   	-174.472	17.5345 	-200  	-116.4
46  	200   	-174.07 	17.346  	-200  	-116.4
47  	200   	-173.5  	17.6885 	-200  	-116.4
48  	200   	-172.694	18.1057 	-200  	-116.4
49  	200   	-171.719	18.3705 	-200  	-116.4
50  	200   	-170.953	18.176  	-200  	-116.4
51  	200   	-170.359	18.0122 	-200  	-116.4
52  	200   	-169.644	18.0991 	-200  	-116.4
53  	200   	-168.84 	18.2152 	-200  	-116.4
54  	200   	-167.898	18.2271 	-200  	-116.4
55  	200   	-167.355	18.3348 	-200  	-116.4
56  	200   	-167.032	18.2282 	-200  	-116.4
57  	200   	-166.456	18.0782 	-200  	-116.4
58  	200   	-165.839	17.7174 	-200  	-116.4
59  	200   	-165.433	17.7586 	-200  	-116.4
60  	200   	-164.979	18.013  	-200  	-116.4
61  	200   	-164.424	18.0344 	-200  	-116.4
62  	200   	-163.769	18.1494 	-200  	-116.4
63  	200   	-163.239	17.768  	-200  	-116.4
64  	200   	-163.044	17.6126 	-200  	-116.4
65  	200   	-162.602	17.4287 	-195.7	-116.4
66  	200   	-161.849	17.5105 	-195.7	-116.4
67  	200   	-161.32 	17.8009 	-195.7	-116.4
68  	200   	-160.941	17.9735 	-195.7	-116.4
69  	200   	-160.355	17.7708 	-195.7	-116.4
70  	200   	-160.235	17.7878 	-195.7	-116.4
71  	200   	-160.002	17.795  	-195.7	-116.4
72  	200   	-159.506	17.9622 	-195.7	-116.4
73  	200   	-159.149	17.9775 	-195.7	-116.4
74  	200   	-158.852	17.7848 	-193.4	-116.4
75  	200   	-158.365	17.9666 	-193.4	-116.4
76  	200   	-158.113	18.1143 	-193.4	-116.4
77  	200   	-157.73 	18.0349 	-193.4	-116.4
78  	200   	-157.672	18.068  	-193.4	-116.4
79  	200   	-157.542	18.2021 	-193.4	-116.4
80  	200   	-156.827	17.898  	-193.4	-116.4
81  	200   	-156.433	17.999  	-193.4	-116.4
82  	200   	-155.047	18.3575 	-193.4	-116.4
83  	200   	-155.024	18.3228 	-192.3	-116.4
84  	200   	-154.381	18.5524 	-192.3	-116.4
85  	200   	-153.853	18.4269 	-192.3	-116.4
86  	200   	-152.823	18.7393 	-192.3	-116.4
87  	200   	-152.663	18.9122 	-192.3	-116.4
88  	200   	-152.586	18.8946 	-192.3	-116.4
89  	200   	-152.276	19.0252 	-192.3	-116.4
90  	200   	-151.796	18.8419 	-192.3	-116.4
91  	200   	-151.411	18.8827 	-192.3	-116.4
92  	200   	-151.197	18.8231 	-192.3	-116.4
93  	200   	-150.581	18.9982 	-192.3	-116.4
94  	200   	-150.352	18.759  	-192.3	-116.4
95  	200   	-150.249	18.7322 	-191.2	-116.4
96  	200   	-149.802	18.6703 	-191.2	-116.4
97  	200   	-149.237	18.5597 	-188.2	-116.4
98  	200   	-148.428	19.0378 	-188.2	-116.4
99  	200   	-148.122	19.0015 	-188.2	-116.4
100 	200   	-148.032	18.9492 	-188.2	-116.4
101 	200   	-147.62 	19.0695 	-188.2	-116.4
102 	200   	-147.507	18.9754 	-188.2	-116.4
103 	200   	-146.968	18.8085 	-188.2	-116.4
104 	200   	-146.445	18.8503 	-188.2	-116.4
105 	200   	-146.442	18.8463 	-188.2	-116.4
106 	200   	-146.2  	18.9332 	-188.2	-116.4
107 	200   	-145.567	19.1094 	-188.2	-116.4
108 	200   	-145.067	19.1435 	-188.2	-116.4
109 	200   	-144.871	19.1453 	-188.2	-116.4
110 	200   	-144.685	19.24   	-188.2	-116.4
111 	200   	-144.469	18.9923 	-188.2	-116.4
112 	200   	-143.781	18.9421 	-188.2	-116.4
113 	200   	-143.386	18.9605 	-187  	-116.4
114 	200   	-143.364	18.9498 	-187  	-116.4
115 	200   	-142.855	18.9704 	-187  	-116.4
116 	200   	-142.729	19.0618 	-187  	-116.4
117 	200   	-142.703	19.0501 	-187  	-116.4
118 	200   	-142.2  	18.7801 	-187  	-116.4
119 	200   	-142.2  	18.7801 	-187  	-116.4
120 	200   	-141.918	18.7717 	-187  	-116.4
121 	200   	-141.701	18.524  	-187  	-116.4
122 	200   	-141.349	18.4081 	-187  	-116.4
123 	200   	-141.349	18.4081 	-187  	-116.4
124 	200   	-140.966	18.4325 	-186.5	-116.4
125 	200   	-140.568	18.5337 	-186.5	-116.4
126 	200   	-140.16 	18.3577 	-186.5	-116.4
127 	200   	-139.81 	18.1382 	-183  	-116.3
128 	200   	-139.747	18.0978 	-183  	-116.3
129 	200   	-139.747	18.0978 	-183  	-116.3
130 	200   	-139.284	17.9183 	-183  	-116.3
131 	200   	-138.898	17.6634 	-182.6	-116.3
132 	200   	-138.853	17.7083 	-182.6	-116.3
133 	200   	-138.63 	17.5422 	-182.6	-116.3
134 	200   	-138.553	17.483  	-182.6	-116.3
135 	200   	-138.234	17.3064 	-182.6	-116.3
136 	200   	-137.843	17.4327 	-182.6	-116.3
137 	200   	-137.413	17.4176 	-182.6	-116.3
138 	200   	-137.135	17.4861 	-182.6	-116.3
139 	200   	-137.037	17.4452 	-182.6	-116.3
140 	200   	-136.811	17.4164 	-182.6	-116.3
141 	200   	-136.173	17.1639 	-182.6	-116.3
142 	200   	-135.954	17.1338 	-182.6	-116.3
143 	200   	-135.954	17.1338 	-182.6	-116.3
144 	200   	-135.762	17.1654 	-182.6	-116.3
145 	200   	-135.222	17.0195 	-182.6	-115.4
146 	200   	-134.935	17.0508 	-182.6	-115.4
147 	200   	-134.501	17.0213 	-182.6	-115.4
148 	200   	-134.054	16.7088 	-179.1	-115.4
149 	200   	-133.976	16.7129 	-179.1	-115.4
150 	200   	-133.837	16.602  	-179.1	-115.4
151 	200   	-133.746	16.6445 	-179.1	-115.4
152 	200   	-133.454	16.6698 	-179.1	-115.4
153 	200   	-133.303	16.6503 	-179.1	-115.4
154 	200   	-133.205	16.5557 	-179.1	-115.4
155 	200   	-132.793	16.4645 	-179.1	-115.4
156 	200   	-132.591	16.4034 	-179.1	-115.4
157 	200   	-132.534	16.397  	-179.1	-115.4
158 	200   	-132.15 	16.074  	-179.1	-115.4
159 	200   	-131.995	16.0306 	-179.1	-115.4
160 	200   	-131.831	16.0113 	-179.1	-115.4
161 	200   	-131.531	16.0137 	-179.1	-115.4
162 	200   	-131.362	15.8231 	-179.1	-115.4
163 	200   	-131.222	15.8314 	-179.1	-115.4
164 	200   	-131.222	15.8314 	-179.1	-115.4
165 	200   	-131.222	15.8314 	-179.1	-115.4
166 	200   	-130.992	15.8466 	-179.1	-115.4
167 	200   	-130.981	15.8505 	-179.1	-115.4
168 	200   	-130.981	15.8505 	-179.1	-115.4
169 	200   	-130.894	15.6854 	-179.1	-115.4
170 	200   	-130.717	15.6229 	-179.1	-115.4
171 	200   	-130.504	15.5013 	-179.1	-115.4
172 	200   	-130.391	15.4597 	-179.1	-115.4
173 	200   	-130.282	15.3134 	-179.1	-115.4
174 	200   	-129.694	14.835  	-174.3	-115.4
175 	200   	-129.639	14.8362 	-174.3	-115.4
176 	200   	-129.269	14.6201 	-174.3	-115.4
177 	200   	-129.269	14.6201 	-174.3	-115.4
178 	200   	-129.104	14.371  	-172.4	-115.4
179 	200   	-128.855	14.3655 	-172.4	-115.4
180 	200   	-128.855	14.3655 	-172.4	-115.4
181 	200   	-128.615	14.2208 	-172.4	-115.4
182 	200   	-128.523	14.2212 	-172.4	-115.4
183 	200   	-128.363	14.1509 	-172.4	-115.4
184 	200   	-128.004	13.8488 	-166.9	-115.4
185 	200   	-127.893	13.8783 	-166.9	-115.4
186 	200   	-127.64 	13.9049 	-166.9	-115.4
187 	200   	-127.632	13.9016 	-166.9	-115.4
188 	200   	-127.48 	13.9446 	-166.9	-115.4
189 	200   	-127.242	13.7311 	-166.9	-115.4
190 	200   	-127.235	13.7248 	-166.9	-115.4
191 	200   	-127.17 	13.6274 	-166.9	-115.4
192 	200   	-127.17 	13.6274 	-166.9	-115.4
193 	200   	-126.836	13.2956 	-166.9	-115.4
194 	200   	-126.748	13.3128 	-166.9	-115.4
195 	200   	-126.617	13.23   	-166.9	-115.4
196 	200   	-126.617	13.23   	-166.9	-115.4
197 	200   	-126.617	13.23   	-166.9	-115.4
198 	200   	-126.569	13.2034 	-166.9	-115.4
199 	200   	-126.484	13.2141 	-166.9	-115.4
200 	200   	-126.402	13.1288 	-166.9	-115.4
201 	200   	-126.214	13.0142 	-166.9	-115.4
202 	200   	-126.207	12.9929 	-166.9	-115.4
203 	200   	-125.957	12.7597 	-166.9	-115.4
204 	200   	-125.957	12.7597 	-166.9	-115.4
205 	200   	-125.912	12.7775 	-166.9	-115.4
206 	200   	-125.912	12.7775 	-166.9	-115.4
207 	200   	-125.653	12.4774 	-165.9	-115.4
208 	200   	-125.539	12.4325 	-165.9	-115.4
209 	200   	-125.245	12.275  	-165.9	-115.4
210 	200   	-125.245	12.275  	-165.9	-115.4
211 	200   	-124.914	11.96   	-165.9	-115.4
212 	200   	-124.823	11.9321 	-165.9	-115.4
213 	200   	-124.697	11.9471 	-165.9	-115.4
214 	200   	-124.697	11.9471 	-165.9	-115.4
215 	200   	-124.697	11.9471 	-165.9	-115.4
216 	200   	-124.697	11.9471 	-165.9	-115.4
217 	200   	-124.697	11.9471 	-165.9	-115.4
218 	200   	-124.654	11.8536 	-165.9	-115.4
219 	200   	-124.632	11.8182 	-165.9	-115.4
220 	200   	-124.51 	11.7772 	-165.9	-115.4
221 	200   	-124.51 	11.7776 	-165.9	-115.4
222 	200   	-124.244	11.5534 	-165.9	-115.4
223 	200   	-124.157	11.5153 	-165.9	-115.4
224 	200   	-124.157	11.5153 	-165.9	-115.4
225 	200   	-124.116	11.4687 	-165.9	-115.4
226 	200   	-123.974	11.425  	-165.9	-115.4
227 	200   	-123.974	11.425  	-165.9	-115.4
228 	200   	-123.817	11.3797 	-165.9	-115.4
229 	200   	-123.776	11.3499 	-165.9	-115.4
230 	200   	-123.707	11.3724 	-165.9	-115.4
231 	200   	-123.555	11.3427 	-165.9	-115.4
232 	200   	-123.424	11.0766 	-165.9	-115.4
233 	200   	-123.395	11.0786 	-165.9	-115.4
234 	200   	-123.31 	11.0672 	-165.9	-115.4
235 	200   	-123.231	11.0878 	-165.9	-115.4
236 	200   	-123.104	11.0205 	-165.9	-115.4
237 	200   	-122.977	10.9583 	-165.9	-115.4
238 	200   	-122.977	10.9586 	-165.9	-115.4
239 	200   	-122.897	10.9479 	-165.9	-115.4
240 	200   	-122.683	10.7833 	-165.9	-115.4
241 	200   	-122.642	10.7279 	-165.9	-115.4
242 	200   	-122.514	10.6504 	-165.9	-115.4
243 	200   	-122.352	10.4933 	-165.9	-115.4
244 	200   	-122.323	10.5066 	-165.9	-114.3
245 	200   	-122.282	10.4821 	-165.9	-114.3
246 	200   	-122.198	10.461  	-165.9	-114.3
247 	200   	-122.198	10.461  	-165.9	-114.3
248 	200   	-122.159	10.468  	-165.9	-114.3
249 	200   	-122.035	10.3883 	-165.9	-114.3
250 	200   	-122.029	10.3907 	-165.9	-114.3
251 	200   	-121.945	10.3649 	-165.9	-114.3
252 	200   	-121.945	10.3649 	-165.9	-114.3
253 	200   	-121.945	10.3649 	-165.9	-114.3
254 	200   	-121.945	10.3649 	-165.9	-114.3
255 	200   	-121.907	10.3077 	-165.9	-114.3
256 	200   	-121.888	10.3015 	-165.9	-114.3
257 	200   	-121.8  	10.2734 	-165.9	-114.3
258 	200   	-121.8  	10.2734 	-165.9	-114.3
259 	200   	-121.8  	10.2734 	-165.9	-114.3
260 	200   	-121.583	9.92319 	-165.9	-114.3
261 	200   	-121.583	9.92319 	-165.9	-114.3
262 	200   	-121.575	9.91437 	-165.9	-114.3
263 	200   	-121.409	9.82466 	-165.9	-114.3
264 	200   	-121.203	9.52151 	-165.9	-114.3
265 	200   	-121.199	9.52336 	-165.9	-114.3
266 	200   	-121.165	9.46456 	-165.9	-114.3
267 	200   	-121.165	9.46456 	-165.9	-114.3
268 	200   	-121.165	9.46456 	-165.9	-114.3
269 	200   	-121.076	9.42586 	-165.9	-114.3
270 	200   	-120.945	9.32008 	-165.9	-114.3
271 	200   	-120.945	9.32008 	-165.9	-114.3
272 	200   	-120.9  	9.32019 	-165.9	-114.3
273 	200   	-120.811	9.19088 	-165.9	-114.3
274 	200   	-120.811	9.19088 	-165.9	-114.3
275 	200   	-120.684	9.07589 	-165.9	-114.3
276 	200   	-120.684	9.07589 	-165.9	-114.3
277 	200   	-120.489	8.60662 	-165.9	-114.3
278 	200   	-120.489	8.60662 	-165.9	-114.3
279 	200   	-120.489	8.60662 	-165.9	-114.3
280 	200   	-120.317	8.48052 	-165.9	-114.3
281 	200   	-120.317	8.48052 	-165.9	-114.3
282 	200   	-120.317	8.48052 	-165.9	-114.3
283 	200   	-120.171	8.39443 	-165.9	-114.3
284 	200   	-120.168	8.39567 	-165.9	-114.3
285 	200   	-120.079	8.35026 	-165.9	-114.3
286 	200   	-120.07 	8.33766 	-165.9	-114.3
287 	200   	-120.07 	8.33766 	-165.9	-114.3
288 	200   	-119.823	7.68249 	-162.2	-114.3
289 	200   	-119.791	7.64284 	-162.2	-114.3
290 	200   	-119.626	7.3417  	-162.2	-114.3
291 	200   	-119.626	7.3417  	-162.2	-114.3
292 	200   	-119.626	7.3417  	-162.2	-114.3
293 	200   	-119.626	7.3417  	-162.2	-114.3
294 	200   	-119.624	7.34253 	-162.2	-114.3
295 	200   	-119.624	7.34253 	-162.2	-114.3
296 	200   	-119.543	7.28809 	-162.2	-114.3
297 	200   	-119.54 	7.28943 	-162.2	-114.3
298 	200   	-119.54 	7.28943 	-162.2	-114.3
299 	200   	-119.54 	7.28943 	-162.2	-114.3
300 	200   	-119.446	7.21997 	-162.2	-114.3
301 	200   	-119.4  	7.21034 	-162.2	-114.3
302 	200   	-119.319	7.15143 	-162.2	-114.3
303 	200   	-119.319	7.15143 	-162.2	-114.3
304 	200   	-119.319	7.15143 	-162.2	-114.3
305 	200   	-119.319	7.15143 	-162.2	-114.3
306 	200   	-119.319	7.15143 	-162.2	-114.3
307 	200   	-119.27 	7.13815 	-162.2	-114.3
308 	200   	-119.27 	7.13815 	-162.2	-114.3
309 	200   	-119.27 	7.13815 	-162.2	-114.3
310 	200   	-119.165	7.02293 	-162.2	-114.3
311 	200   	-119.039	6.94713 	-162.2	-114.3
312 	200   	-119.039	6.94713 	-162.2	-114.3
313 	200   	-118.912	6.76288 	-162.2	-114.3
314 	200   	-118.908	6.76425 	-162.2	-114.3
315 	200   	-118.908	6.76425 	-162.2	-114.3
316 	200   	-118.906	6.76467 	-162.2	-114.3
317 	200   	-118.901	6.76689 	-162.2	-114.3
318 	200   	-118.901	6.76689 	-162.2	-114.3
319 	200   	-118.772	6.40014 	-162.2	-114.3
320 	200   	-118.77 	6.40111 	-162.2	-114.3
321 	200   	-118.77 	6.40111 	-162.2	-114.3
322 	200   	-118.77 	6.40111 	-162.2	-114.3
323 	200   	-118.77 	6.40111 	-162.2	-114.3
324 	200   	-118.77 	6.40111 	-162.2	-114.3
325 	200   	-118.722	6.27729 	-162.2	-114.3
326 	200   	-118.722	6.27729 	-162.2	-114.3
327 	200   	-118.722	6.27729 	-162.2	-114.3
328 	200   	-118.722	6.27729 	-162.2	-114.3
329 	200   	-118.722	6.27729 	-162.2	-114.3
330 	200   	-118.51 	5.97324 	-162.2	-114.3
331 	200   	-118.51 	5.97324 	-162.2	-114.3
332 	200   	-118.505	5.97542 	-162.2	-114.3
333 	200   	-118.463	5.96105 	-162.2	-114.3
334 	200   	-118.337	5.79327 	-162.2	-114.3
335 	200   	-118.108	4.88961 	-148  	-114.3
336 	200   	-118.108	4.88961 	-148  	-114.3
337 	200   	-118.108	4.88961 	-148  	-114.3
338 	200   	-118.108	4.88961 	-148  	-114.3
339 	200   	-118.108	4.88961 	-148  	-114.3
340 	200   	-118.07 	4.74297 	-148  	-114.3
341 	200   	-118.07 	4.74297 	-148  	-114.3
342 	200   	-118.065	4.74526 	-148  	-114.3
343 	200   	-118.065	4.74526 	-148  	-114.3
344 	200   	-118.065	4.74544 	-148  	-114.3
345 	200   	-118.065	4.74544 	-148  	-114.3
346 	200   	-118.065	4.74544 	-148  	-114.3
347 	200   	-118.065	4.74544 	-148  	-114.3
348 	200   	-118.055	4.74221 	-148  	-114.3
349 	200   	-118.023	4.70458 	-148  	-114.3
350 	200   	-118.022	4.70475 	-148  	-114.3
351 	200   	-117.983	4.68176 	-148  	-114.3
352 	200   	-117.983	4.68176 	-148  	-114.3
353 	200   	-117.983	4.68176 	-148  	-114.3
354 	200   	-117.983	4.68176 	-148  	-114.3
355 	200   	-117.964	4.68461 	-148  	-114.3
356 	200   	-117.913	4.65155 	-148  	-114.3
357 	200   	-117.913	4.65155 	-148  	-114.3
358 	200   	-117.908	4.65371 	-148  	-114.3
359 	200   	-117.908	4.65371 	-148  	-114.3
360 	200   	-117.908	4.65371 	-148  	-114.3
361 	200   	-117.908	4.65371 	-148  	-114.3
362 	200   	-117.861	4.63053 	-148  	-114.3
363 	200   	-117.856	4.63264 	-148  	-114.3
364 	200   	-117.698	4.11139 	-141.3	-114.3
365 	200   	-117.698	4.11139 	-141.3	-114.3
366 	200   	-117.654	4.06809 	-141.3	-114.3
367 	200   	-117.654	4.06809 	-141.3	-114.3
368 	200   	-117.654	4.06809 	-141.3	-114.3
369 	200   	-117.654	4.06809 	-141.3	-114.3
370 	200   	-117.649	4.07009 	-141.3	-114.3
371 	200   	-117.576	3.9577  	-141.3	-114.3
372 	200   	-117.566	3.96191 	-141.3	-114.3
373 	200   	-117.523	3.92846 	-141.3	-114.3
374 	200   	-117.523	3.92846 	-141.3	-114.3
375 	200   	-117.523	3.92846 	-141.3	-114.3
376 	200   	-117.523	3.92846 	-141.3	-114.3
377 	200   	-117.523	3.92846 	-141.3	-114.3
378 	200   	-117.523	3.92846 	-141.3	-114.3
379 	200   	-117.398	3.54935 	-134.3	-114.3
380 	200   	-117.397	3.54612 	-134.3	-114.3
381 	200   	-117.397	3.54612 	-134.3	-114.3
382 	200   	-117.397	3.54612 	-134.3	-114.3
383 	200   	-117.38 	3.54332 	-134.3	-114.3
384 	200   	-117.375	3.54541 	-134.3	-114.3
385 	200   	-117.37 	3.54748 	-134.3	-114.3
386 	200   	-117.37 	3.54748 	-134.3	-114.3
387 	200   	-117.37 	3.54748 	-134.3	-114.3
388 	200   	-117.37 	3.54748 	-134.3	-114.3
389 	200   	-117.37 	3.54748 	-134.3	-114.3
390 	200   	-117.359	3.55019 	-134.3	-114.3
391 	200   	-117.359	3.55031 	-134.3	-114.3
392 	200   	-117.284	3.40586 	-134.3	-114.3
393 	200   	-117.259	3.39448 	-134.3	-114.3
394 	200   	-117.259	3.39448 	-134.3	-114.3
395 	200   	-117.239	3.39359 	-134.3	-114.3
396 	200   	-117.239	3.39359 	-134.3	-114.3
397 	200   	-117.155	3.19736 	-134.3	-114.3
398 	200   	-117.15 	3.19931 	-134.3	-114.3
399 	200   	-117.147	3.20009 	-134.3	-114.3
400 	200   	-117.147	3.20009 	-134.3	-114.3
401 	200   	-117.147	3.20009 	-134.3	-114.3
402 	200   	-117.147	3.20009 	-134.3	-114.3
403 	200   	-117.1  	3.15485 	-134.3	-114.3
404 	200   	-117.1  	3.15485 	-134.3	-114.3
405 	200   	-117.1  	3.15485 	-134.3	-114.3
406 	200   	-117.095	3.15674 	-134.3	-114.3
407 	200   	-117.095	3.15674 	-134.3	-114.3
408 	200   	-117.09 	3.15863 	-134.3	-114.3
409 	200   	-117.09 	3.15863 	-134.3	-114.3
410 	200   	-117.09 	3.15863 	-134.3	-114.3
411 	200   	-117.09 	3.15863 	-134.3	-114.3
412 	200   	-117.09 	3.15863 	-134.3	-114.3
413 	200   	-117.09 	3.15863 	-134.3	-114.3
414 	200   	-117.09 	3.15863 	-134.3	-114.3
415 	200   	-117.09 	3.15863 	-134.3	-114.3
416 	200   	-117.09 	3.15863 	-134.3	-114.3
417 	200   	-117.085	3.16051 	-134.3	-114.3
418 	200   	-117.085	3.16051 	-134.3	-114.3
419 	200   	-117.085	3.16051 	-134.3	-114.3
420 	200   	-116.988	2.96644 	-134.3	-114.3
421 	200   	-116.988	2.96644 	-134.3	-114.3
422 	200   	-116.988	2.96644 	-134.3	-114.3
423 	200   	-116.988	2.96644 	-134.3	-114.3
424 	200   	-116.945	2.91319 	-134.3	-114.3
425 	200   	-116.945	2.91319 	-134.3	-114.3
426 	200   	-116.94 	2.91508 	-134.3	-114.3
427 	200   	-116.91 	2.93508 	-134.3	-112.5
428 	200   	-116.91 	2.93508 	-134.3	-112.5
429 	200   	-116.91 	2.93508 	-134.3	-112.5
430 	200   	-116.91 	2.93508 	-134.3	-112.5
431 	200   	-116.898	2.93871 	-134.3	-112.5
432 	200   	-116.898	2.93871 	-134.3	-112.5
433 	200   	-116.898	2.93871 	-134.3	-112.5
434 	200   	-116.893	2.9404  	-134.3	-112.5
435 	200   	-116.893	2.9404  	-134.3	-112.5
436 	200   	-116.893	2.9404  	-134.3	-112.5
437 	200   	-116.888	2.94208 	-134.3	-112.5
438 	200   	-116.883	2.94376 	-134.3	-112.5
439 	200   	-116.878	2.94372 	-134.3	-112.5
440 	200   	-116.874	2.94491 	-134.3	-112.5
441 	200   	-116.874	2.94491 	-134.3	-112.5
442 	200   	-116.855	2.96086 	-134.3	-112.5
443 	200   	-116.825	2.9348  	-134.3	-112.5
444 	200   	-116.815	2.93793 	-134.3	-112.5
445 	200   	-116.799	2.94075 	-134.3	-112.5
446 	200   	-116.789	2.94403 	-134.3	-112.5
447 	200   	-116.784	2.94554 	-134.3	-112.5
448 	200   	-116.782	2.94593 	-134.3	-112.5
449 	200   	-116.729	2.89215 	-134.3	-112.5
450 	200   	-116.649	2.6674  	-134.3	-112.5
451 	200   	-116.64 	2.66711 	-134.3	-112.5
452 	200   	-116.64 	2.66711 	-134.3	-112.5
453 	200   	-116.63 	2.67211 	-134.3	-112.5
454 	200   	-116.585	2.4827  	-134.3	-112.5
455 	200   	-116.585	2.4827  	-134.3	-112.5
456 	200   	-116.579	2.44246 	-134.3	-112.5
457 	200   	-116.579	2.44246 	-134.3	-112.5
458 	200   	-116.568	2.44771 	-134.3	-112.5
459 	200   	-116.563	2.44909 	-134.3	-112.5
460 	200   	-116.563	2.44909 	-134.3	-112.5
461 	200   	-116.553	2.45381 	-134.3	-112.5
462 	200   	-116.553	2.45381 	-134.3	-112.5
463 	200   	-116.534	2.47035 	-134.3	-112.5
464 	200   	-116.524	2.47289 	-134.3	-112.5
465 	200   	-116.519	2.47415 	-134.3	-112.5
466 	200   	-116.519	2.47415 	-134.3	-112.5
467 	200   	-116.424	2.13022 	-132.5	-112.5
468 	200   	-116.419	2.13144 	-132.5	-112.5
469 	200   	-116.419	2.13144 	-132.5	-112.5
470 	200   	-116.419	2.13144 	-132.5	-112.5
471 	200   	-116.334	1.8022  	-125  	-112.5
472 	200   	-116.323	1.80789 	-125  	-112.5
473 	200   	-116.323	1.80789 	-125  	-112.5
474 	200   	-116.318	1.80905 	-125  	-112.5
475 	200   	-116.313	1.8135  	-125  	-112.5
476 	200   	-116.293	1.83332 	-125  	-112.5
477 	200   	-116.286	1.83448 	-125  	-112.5
478 	200   	-116.262	1.85477 	-125  	-112.5
479 	200   	-116.256	1.85614 	-125  	-112.5
480 	200   	-116.251	1.85709 	-125  	-112.5
481 	200   	-116.246	1.85803 	-125  	-112.5
482 	200   	-116.246	1.85803 	-125  	-112.5
483 	200   	-116.241	1.85895 	-125  	-112.5
484 	200   	-116.241	1.85895 	-125  	-112.5
485 	200   	-116.241	1.85895 	-125  	-112.5
486 	200   	-116.236	1.85986 	-125  	-112.5
487 	200   	-116.188	1.7564  	-125  	-112.5
488 	200   	-116.188	1.7564  	-125  	-112.5
489 	200   	-116.183	1.75722 	-125  	-112.5
490 	200   	-116.183	1.75722 	-125  	-112.5
491 	200   	-116.14 	1.65133 	-125  	-112.5
492 	200   	-116.087	1.53534 	-125  	-112.5
493 	200   	-116.087	1.53534 	-125  	-112.5
494 	200   	-116.087	1.53534 	-125  	-112.5
495 	200   	-116.082	1.53594 	-125  	-112.5
496 	200   	-116.082	1.53594 	-125  	-112.5
497 	200   	-116.077	1.53652 	-125  	-112.5
498 	200   	-116.071	1.537   	-125  	-112.5
499 	200   	-116.056	1.54239 	-125  	-112.5
500 	200   	-116.051	1.54289 	-125  	-112.5
501 	200   	-116.051	1.54289 	-125  	-112.5
502 	200   	-115.991	1.44617 	-125  	-112.5
503 	200   	-115.986	1.4505  	-125  	-112.5
504 	200   	-115.986	1.4505  	-125  	-112.5
505 	200   	-115.986	1.4505  	-125  	-112.5
506 	200   	-115.967	1.44209 	-124.9	-112.5
507 	200   	-115.967	1.44209 	-124.9	-112.5
508 	200   	-115.951	1.44672 	-124.9	-112.5
509 	200   	-115.947	1.44703 	-124.9	-112.5
510 	200   	-115.933	1.46287 	-124.9	-112.5
511 	200   	-115.927	1.46297 	-124.9	-112.5
512 	200   	-115.904	1.48258 	-124.9	-112.5
513 	200   	-115.858	1.34872 	-124.9	-112.5
514 	200   	-115.853	1.34855 	-124.9	-112.5
515 	200   	-115.843	1.34816 	-124.9	-112.5
516 	200   	-115.843	1.34816 	-124.9	-112.5
517 	200   	-115.843	1.34816 	-124.9	-112.5
518 	200   	-115.843	1.34816 	-124.9	-112.5
519 	200   	-115.843	1.34816 	-124.9	-112.5
520 	200   	-115.843	1.34816 	-124.9	-112.5
521 	200   	-115.843	1.34816 	-124.9	-112.5
522 	200   	-115.843	1.34816 	-124.9	-112.5
523 	200   	-115.838	1.34794 	-124.9	-112.5
524 	200   	-115.838	1.34794 	-124.9	-112.5
525 	200   	-115.838	1.34794 	-124.9	-112.5
526 	200   	-115.828	1.34744 	-124.9	-112.5
527 	200   	-115.787	1.2362  	-124.9	-112.5
528 	200   	-115.768	1.25697 	-124.9	-112.5
529 	200   	-115.749	1.27711 	-124.9	-112.5
530 	200   	-115.749	1.27711 	-124.9	-112.5
531 	200   	-115.744	1.2765  	-124.9	-112.5
532 	200   	-115.729	1.29663 	-124.9	-112.5
533 	200   	-115.719	1.29528 	-124.9	-112.5
534 	200   	-115.704	1.29747 	-124.9	-112.5
535 	200   	-115.676	1.31413 	-124.9	-112.5
536 	200   	-115.676	1.31413 	-124.9	-112.5
537 	200   	-115.673	1.31408 	-124.9	-112.5
538 	200   	-115.639	1.35028 	-124.9	-112.5
539 	200   	-115.634	1.34931 	-124.9	-112.5
540 	200   	-115.634	1.34931 	-124.9	-112.5
541 	200   	-115.634	1.34931 	-124.9	-112.5
542 	200   	-115.634	1.34931 	-124.9	-112.5
543 	200   	-115.634	1.34931 	-124.9	-112.5
544 	200   	-115.629	1.34831 	-124.9	-112.5
545 	200   	-115.629	1.34831 	-124.9	-112.5
546 	200   	-115.623	1.35147 	-124.9	-112.5
547 	200   	-115.623	1.35147 	-124.9	-112.5
548 	200   	-115.623	1.35147 	-124.9	-112.5
549 	200   	-115.623	1.35147 	-124.9	-112.5
550 	200   	-115.618	1.35044 	-124.9	-112.5
551 	200   	-115.618	1.35044 	-124.9	-112.5
552 	200   	-115.608	1.35248 	-124.9	-112.5
553 	200   	-115.608	1.35248 	-124.9	-112.5
554 	200   	-115.608	1.35248 	-124.9	-112.5
555 	200   	-115.584	1.36806 	-124.9	-112.5
556 	200   	-115.545	1.39652 	-124.9	-112.5
557 	200   	-115.545	1.39652 	-124.9	-112.5
558 	200   	-115.545	1.39652 	-124.9	-112.5
559 	200   	-115.515	1.42437 	-124.9	-112.5
560 	200   	-115.511	1.42305 	-124.9	-112.5
561 	200   	-115.511	1.42305 	-124.9	-112.5
562 	200   	-115.511	1.42305 	-124.9	-112.5
563 	200   	-115.497	1.4388  	-124.9	-112.5
564 	200   	-115.497	1.4388  	-124.9	-112.5
565 	200   	-115.476	1.45301 	-124.9	-112.5
566 	200   	-115.466	1.45005 	-124.9	-112.5
567 	200   	-115.461	1.44854 	-124.9	-112.5
568 	200   	-115.456	1.44702 	-124.9	-112.5
569 	200   	-115.456	1.44702 	-124.9	-112.5
570 	200   	-115.437	1.46038 	-124.9	-112.5
571 	200   	-115.417	1.47337 	-124.9	-112.5
572 	200   	-115.417	1.47337 	-124.9	-112.5
573 	200   	-115.407	1.47381 	-124.9	-112.5
574 	200   	-115.387	1.48999 	-124.9	-112.5
575 	200   	-115.387	1.48999 	-124.9	-112.5
576 	200   	-115.387	1.48999 	-124.9	-112.5
577 	200   	-115.336	1.52794 	-124.9	-112.5
578 	200   	-115.336	1.52794 	-124.9	-112.5
579 	200   	-115.325	1.5278  	-124.9	-112.5
580 	200   	-115.287	1.54985 	-124.9	-112.5
581 	200   	-115.285	1.54867 	-124.9	-112.5
582 	200   	-115.285	1.54867 	-124.9	-112.5
583 	200   	-115.285	1.54867 	-124.9	-112.5
584 	200   	-115.27 	1.56074 	-124.9	-112.5
585 	200   	-115.26 	1.56016 	-124.9	-112.5
586 	200   	-115.26 	1.56016 	-124.9	-112.5
587 	200   	-115.254	1.5616  	-124.9	-112.5
588 	200   	-115.244	1.56092 	-124.9	-112.5
589 	200   	-115.235	1.57148 	-124.9	-112.5
590 	200   	-115.206	1.59475 	-124.9	-112.5
591 	200   	-115.206	1.59475 	-124.9	-112.5
592 	200   	-115.206	1.59475 	-124.9	-112.5
593 	200   	-115.172	1.61491 	-124.9	-112.5
594 	200   	-115.148	1.62573 	-124.9	-112.5
595 	200   	-115.148	1.62573 	-124.9	-112.5
596 	200   	-115.143	1.62341 	-124.9	-112.5
597 	200   	-115.143	1.62341 	-124.9	-112.5
598 	200   	-115.138	1.62439 	-124.9	-112.5
599 	200   	-115.132	1.62203 	-124.9	-112.5
600 	200   	-115.113	1.6301  	-124.9	-112.5
601 	200   	-115.099	1.64035 	-124.9	-112.5
602 	200   	-115.079	1.64793 	-124.9	-112.5
603 	200   	-115.079	1.64793 	-124.9	-112.5
604 	200   	-115.042	1.62473 	-124.9	-112.5
605 	200   	-115.028	1.63438 	-124.9	-112.5
606 	200   	-115.028	1.63438 	-124.9	-112.5
607 	200   	-114.984	1.64412 	-124.9	-112.5
608 	200   	-114.934	1.58431 	-124.9	-112.5
609 	200   	-114.93 	1.5817  	-124.9	-112.5
610 	200   	-114.91 	1.5908  	-124.9	-112.5
611 	200   	-114.91 	1.5908  	-124.9	-112.5
612 	200   	-114.91 	1.5908  	-124.9	-112.5
613 	200   	-114.909	1.59063 	-124.9	-112.5
614 	200   	-114.895	1.59929 	-124.9	-112.5
615 	200   	-114.88 	1.60776 	-124.9	-112.5
616 	200   	-114.866	1.61606 	-124.9	-112.5
617 	200   	-114.861	1.61285 	-124.9	-112.5
618 	200   	-114.856	1.60962 	-124.9	-112.5
619 	200   	-114.856	1.60962 	-124.9	-112.5
620 	200   	-114.851	1.60636 	-124.9	-112.5
621 	200   	-114.836	1.61441 	-124.9	-112.5
622 	200   	-114.836	1.61441 	-124.9	-112.5
623 	200   	-114.784	1.63592 	-124.9	-112.5
624 	200   	-114.76 	1.63631 	-124.9	-112.5
625 	200   	-114.76 	1.63631 	-124.9	-112.5
626 	200   	-114.76 	1.63631 	-124.9	-112.5
627 	200   	-114.721	1.64321 	-124.9	-112.5
628 	200   	-114.696	1.64828 	-124.9	-112.5
629 	200   	-114.676	1.65107 	-124.9	-112.5
630 	200   	-114.676	1.65107 	-124.9	-112.5
631 	200   	-114.676	1.65107 	-124.9	-112.5
632 	200   	-114.642	1.65974 	-124.9	-112.5
633 	200   	-114.608	1.67013 	-124.9	-112.5
634 	200   	-114.608	1.67013 	-124.9	-112.5
635 	200   	-114.594	1.67577 	-124.9	-112.5
636 	200   	-114.579	1.68127 	-124.9	-112.5
637 	200   	-114.562	1.68501 	-124.9	-112.5
638 	200   	-114.562	1.68501 	-124.9	-112.5
639 	200   	-114.562	1.68501 	-124.9	-112.5
640 	200   	-114.556	1.68427 	-124.9	-112.5
641 	200   	-114.556	1.68427 	-124.9	-112.5
642 	200   	-114.515	1.69228 	-124.9	-112.5
643 	200   	-114.515	1.69228 	-124.9	-112.5
644 	200   	-114.504	1.69447 	-124.9	-112.5
645 	200   	-114.496	1.70013 	-124.9	-112.5
646 	200   	-114.475	1.70351 	-124.9	-112.5
647 	200   	-114.441	1.71143 	-124.9	-112.5
648 	200   	-114.415	1.70192 	-124.9	-112.5
649 	200   	-114.395	1.7014  	-124.9	-112.5
650 	200   	-114.395	1.7014  	-124.9	-112.5
651 	200   	-114.366	1.69253 	-124.9	-112.5
652 	200   	-114.358	1.68904 	-124.9	-112.5
653 	200   	-114.358	1.68904 	-124.9	-112.5
654 	200   	-114.338	1.69081 	-124.9	-112.5
655 	200   	-114.338	1.69081 	-124.9	-112.5
656 	200   	-114.323	1.69407 	-124.9	-112.5
657 	200   	-114.323	1.69407 	-124.9	-112.5
658 	200   	-114.314	1.69894 	-124.9	-112.5
659 	200   	-114.314	1.69894 	-124.9	-112.5
660 	200   	-114.314	1.69894 	-124.9	-112.5
661 	200   	-114.281	1.71191 	-124.9	-112.4
662 	200   	-114.275	1.71007 	-124.9	-112.4
663 	200   	-114.261	1.71277 	-124.9	-112.4
664 	200   	-114.247	1.71484 	-124.9	-112.4
665 	200   	-114.233	1.71729 	-124.9	-112.4
666 	200   	-114.233	1.71729 	-124.9	-112.4
667 	200   	-114.218	1.71962 	-124.9	-112.4
668 	200   	-114.203	1.72059 	-124.9	-112.4
669 	200   	-114.197	1.71902 	-124.9	-112.4
670 	200   	-114.182	1.72104 	-124.9	-112.4
671 	200   	-114.177	1.71889 	-124.9	-112.4
672 	200   	-114.177	1.71889 	-124.9	-112.4
673 	200   	-114.166	1.71168 	-124.9	-112.4
674 	200   	-114.163	1.71374 	-124.9	-112.4
675 	200   	-114.135	1.71711 	-124.9	-112.4
676 	200   	-114.12 	1.7186  	-124.9	-112.4
677 	200   	-114.111	1.72235 	-124.9	-112.4
678 	200   	-114.11 	1.7228  	-124.9	-112.4
679 	200   	-114.067	1.7263  	-124.9	-112.4
680 	200   	-114.062	1.72379 	-124.9	-112.4
681 	200   	-114.032	1.717   	-124.9	-112.4
682 	200   	-114.032	1.717   	-124.9	-112.4
683 	200   	-114.023	1.72029 	-124.9	-112.4
684 	200   	-114    	1.72401 	-124.9	-112.4
685 	200   	-113.991	1.72711 	-124.9	-112.4
686 	200   	-113.991	1.72711 	-124.9	-112.4
687 	200   	-113.972	1.725   	-124.9	-112.4
688 	200   	-113.953	1.73086 	-124.9	-112.4
689 	200   	-113.939	1.73083 	-124.9	-112.4
690 	200   	-113.925	1.72991 	-124.9	-112.4
691 	200   	-113.907	1.73528 	-124.9	-112.4
692 	200   	-113.884	1.7374  	-124.9	-112.4
693 	200   	-113.884	1.7374  	-124.9	-112.4
694 	200   	-113.87 	1.73678 	-124.9	-112.4
695 	200   	-113.867	1.73911 	-124.9	-112  
696 	200   	-113.858	1.7415  	-124.9	-112  
697 	200   	-113.824	1.73433 	-124.9	-112  
698 	200   	-113.813	1.72503 	-124.9	-112  
699 	200   	-113.798	1.72382 	-124.9	-112  
700 	200   	-113.796	1.72606 	-124.9	-112  
701 	200   	-113.781	1.72471 	-124.9	-112  
702 	200   	-113.781	1.72471 	-124.9	-112  
703 	200   	-113.763	1.71888 	-124.9	-112  
704 	200   	-113.763	1.71888 	-124.9	-112  
705 	200   	-113.763	1.71888 	-124.9	-112  
706 	200   	-113.762	1.71923 	-124.9	-112  
707 	200   	-113.752	1.72084 	-124.9	-112  
708 	200   	-113.752	1.72084 	-124.9	-112  
709 	200   	-113.738	1.71911 	-124.9	-112  
710 	200   	-113.727	1.71547 	-124.9	-112  
711 	200   	-113.727	1.71547 	-124.9	-112  
712 	200   	-113.727	1.71547 	-124.9	-112  
713 	200   	-113.678	1.7     	-124.9	-112  
714 	200   	-113.678	1.7     	-124.9	-112  
715 	200   	-113.631	1.50763 	-119.7	-112  
716 	200   	-113.631	1.50763 	-119.7	-112  
717 	200   	-113.631	1.50763 	-119.7	-112  
718 	200   	-113.631	1.50763 	-119.7	-112  
719 	200   	-113.627	1.50956 	-119.7	-112  
720 	200   	-113.603	1.50842 	-119.7	-112  
721 	200   	-113.603	1.50842 	-119.7	-112  
722 	200   	-113.583	1.4973  	-119.7	-112  
723 	200   	-113.569	1.49367 	-119.7	-112  
724 	200   	-113.544	1.4879  	-119.7	-111.4
725 	200   	-113.529	1.48387 	-119.7	-111.4
726 	200   	-113.529	1.48387 	-119.7	-111.4
727 	200   	-113.529	1.48387 	-119.7	-111.4
728 	200   	-113.52 	1.48462 	-119.7	-111.4
729 	200   	-113.52 	1.48462 	-119.7	-111.4
730 	200   	-113.506	1.48034 	-119.7	-111.4
731 	200   	-113.506	1.48034 	-119.7	-111.4
732 	200   	-113.506	1.48034 	-119.7	-111.4
733 	200   	-113.498	1.48143 	-119.7	-111.4
734 	200   	-113.483	1.47693 	-119.7	-111.4
735 	200   	-113.483	1.47693 	-119.7	-111.4
736 	200   	-113.464	1.46397 	-119.7	-111.4
737 	200   	-113.464	1.46397 	-119.7	-111.4
738 	200   	-113.464	1.46397 	-119.7	-111.4
739 	200   	-113.44 	1.45969 	-119.7	-111.4
740 	200   	-113.44 	1.45969 	-119.7	-111.4
741 	200   	-113.425	1.45454 	-119.7	-111.4
742 	200   	-113.406	1.4406  	-119.7	-111.4
743 	200   	-113.385	1.42655 	-119.7	-111.4
744 	200   	-113.385	1.42655 	-119.7	-111.4
745 	200   	-113.371	1.42072 	-119.7	-111.4
746 	200   	-113.371	1.42072 	-119.7	-111.4
747 	200   	-113.371	1.42072 	-119.7	-111.4
748 	200   	-113.371	1.42072 	-119.7	-111.4
749 	200   	-113.356	1.41473 	-119.7	-111.4
750 	200   	-113.356	1.41473 	-119.7	-111.4
751 	200   	-113.356	1.41473 	-119.7	-111.4
752 	200   	-113.356	1.41473 	-119.7	-111.4
753 	200   	-113.32 	1.34262 	-116.8	-111.4
754 	200   	-113.32 	1.34262 	-116.8	-111.4
755 	200   	-113.306	1.33573 	-116.8	-111.4
756 	200   	-113.306	1.33573 	-116.8	-111.4
757 	200   	-113.297	1.33478 	-116.8	-111.4
758 	200   	-113.288	1.33406 	-116.8	-111.4
759 	200   	-113.288	1.33406 	-116.8	-111.4
760 	200   	-113.286	1.336   	-116.8	-111.4
761 	200   	-113.277	1.3352  	-116.8	-111.4
762 	200   	-113.277	1.3352  	-116.8	-111.4
763 	200   	-113.272	1.33613 	-116.8	-111.4
764 	200   	-113.272	1.33613 	-116.8	-111.4
765 	200   	-113.272	1.33613 	-116.8	-111.4
766 	200   	-113.259	1.32782 	-116.8	-111.4
767 	200   	-113.259	1.32782 	-116.8	-111.4
768 	200   	-113.259	1.32782 	-116.8	-111.4
769 	200   	-113.259	1.32782 	-116.8	-111.4
770 	200   	-113.259	1.32782 	-116.8	-111.4
771 	200   	-113.243	1.32285 	-116.8	-111.4
772 	200   	-113.223	1.30479 	-116.8	-111.4
773 	200   	-113.223	1.30479 	-116.8	-111.4
774 	200   	-113.223	1.30479 	-116.8	-111.4
775 	200   	-113.223	1.30479 	-116.8	-111.4
776 	200   	-113.214	1.30354 	-116.8	-111.4
777 	200   	-113.185	1.28329 	-116.8	-111.4
778 	200   	-113.185	1.28329 	-116.8	-111.4
779 	200   	-113.176	1.28176 	-116.8	-111.4
780 	200   	-113.176	1.28176 	-116.8	-111.4
781 	200   	-113.176	1.28176 	-116.8	-111.4
782 	200   	-113.162	1.27289 	-116.8	-111.4
783 	200   	-113.157	1.27352 	-116.8	-111.4
784 	200   	-113.157	1.27352 	-116.8	-111.4
785 	200   	-113.157	1.27352 	-116.8	-111.4
786 	200   	-113.148	1.27177 	-116.8	-111.4
787 	200   	-113.147	1.272   	-116.8	-111.4
788 	200   	-113.125	1.25248 	-116.8	-111.4
789 	200   	-113.125	1.25275 	-116.8	-111.4
790 	200   	-113.125	1.25275 	-116.8	-111.4
791 	200   	-113.125	1.25275 	-116.8	-111.4
792 	200   	-113.116	1.25074 	-116.8	-111.4
793 	200   	-113.116	1.25074 	-116.8	-111.4
794 	200   	-113.102	1.24095 	-116.8	-111.4
795 	200   	-113.092	1.23054 	-116.8	-111.4
796 	200   	-113.073	1.20867 	-116.8	-111.4
797 	200   	-113.07 	1.20929 	-116.8	-111.4
798 	200   	-113.07 	1.20929 	-116.8	-111.4
799 	200   	-113.062	1.2068  	-116.8	-111.4
800 	200   	-113.062	1.2068  	-116.8	-111.4
801 	200   	-113.052	1.20607 	-116.8	-111.4
802 	200   	-113.052	1.20607 	-116.8	-111.4
803 	200   	-113.052	1.20607 	-116.8	-111.4
804 	200   	-113.052	1.20607 	-116.8	-111.4
805 	200   	-113.048	1.20308 	-116.8	-111.4
806 	200   	-113.048	1.20308 	-116.8	-111.4
807 	200   	-113.033	1.19207 	-116.8	-111.4
808 	200   	-113.025	1.18926 	-116.8	-111.4
809 	200   	-113.025	1.18926 	-116.8	-111.4
810 	200   	-113.025	1.18926 	-116.8	-111.4
811 	200   	-113.015	1.18639 	-116.8	-111.4
812 	200   	-113.015	1.18639 	-116.8	-111.4
813 	200   	-113.015	1.18639 	-116.8	-111.4
814 	200   	-113.001	1.17482 	-116.8	-111.4
815 	200   	-112.986	1.16296 	-116.8	-111.4
816 	200   	-112.986	1.16296 	-116.8	-111.4
817 	200   	-112.986	1.16296 	-116.8	-111.4
818 	200   	-112.972	1.15079 	-116.8	-111.4
819 	200   	-112.972	1.15079 	-116.8	-111.4
820 	200   	-112.957	1.13831 	-116.8	-111.4
821 	200   	-112.939	1.11529 	-116.8	-111.4
822 	200   	-112.939	1.11529 	-116.8	-111.4
823 	200   	-112.939	1.11529 	-116.8	-111.4
824 	200   	-112.939	1.11529 	-116.8	-111.4
825 	200   	-112.939	1.11529 	-116.8	-111.4
826 	200   	-112.939	1.11529 	-116.8	-111.4
827 	200   	-112.939	1.11529 	-116.8	-111.4
828 	200   	-112.939	1.11529 	-116.8	-111.4
829 	200   	-112.939	1.11529 	-116.8	-111.4
830 	200   	-112.939	1.11529 	-116.8	-111.4
831 	200   	-112.939	1.11529 	-116.8	-111.4
832 	200   	-112.939	1.11529 	-116.8	-111.4
833 	200   	-112.924	1.10198 	-116.8	-111.4
834 	200   	-112.924	1.10198 	-116.8	-111.4
835 	200   	-112.924	1.10198 	-116.8	-111.4
836 	200   	-112.924	1.10198 	-116.8	-111.4
837 	200   	-112.924	1.10198 	-116.8	-111.4
838 	200   	-112.92 	1.10186 	-116.8	-111.4
839 	200   	-112.92 	1.10186 	-116.8	-111.4
840 	200   	-112.92 	1.10186 	-116.8	-111.4
841 	200   	-112.92 	1.10186 	-116.8	-111.4
842 	200   	-112.92 	1.10186 	-116.8	-111.4
843 	200   	-112.92 	1.10186 	-116.8	-111.4
844 	200   	-112.92 	1.10186 	-116.8	-111.4
845 	200   	-112.908	1.0994  	-116.8	-111.4
846 	200   	-112.908	1.0994  	-116.8	-111.4
847 	200   	-112.908	1.0994  	-116.8	-111.4
848 	200   	-112.908	1.0994  	-116.8	-111.4
849 	200   	-112.904	1.09578 	-116.8	-111.4
850 	200   	-112.904	1.09578 	-116.8	-111.4
851 	200   	-112.904	1.09578 	-116.8	-111.4
852 	200   	-112.904	1.09578 	-116.8	-111.4
853 	200   	-112.904	1.09578 	-116.8	-111.4
854 	200   	-112.899	1.09533 	-116.8	-111.4
855 	200   	-112.884	1.08144 	-116.8	-111.4
856 	200   	-112.884	1.08144 	-116.8	-111.4
857 	200   	-112.862	1.07189 	-116.8	-111.4
858 	200   	-112.862	1.07189 	-116.8	-111.4
859 	200   	-112.862	1.07189 	-116.8	-111.4
860 	200   	-112.862	1.07189 	-116.8	-111.4
861 	200   	-112.843	1.04649 	-116.8	-111.4
862 	200   	-112.843	1.04649 	-116.8	-111.4
863 	200   	-112.843	1.04649 	-116.8	-111.4
864 	200   	-112.843	1.04649 	-116.8	-111.4
865 	200   	-112.828	1.03093 	-116.8	-111.4
866 	200   	-112.808	0.999797	-116.8	-111.4
867 	200   	-112.808	0.999797	-116.8	-111.4
868 	200   	-112.808	0.999797	-116.8	-111.4
869 	200   	-112.808	0.999797	-116.8	-111.4
870 	200   	-112.808	0.999797	-116.8	-111.4
871 	200   	-112.799	0.994408	-116.8	-111.4
872 	200   	-112.799	0.994408	-116.8	-111.4
873 	200   	-112.799	0.994408	-116.8	-111.4
874 	200   	-112.78 	0.961093	-116.8	-111.4
875 	200   	-112.78 	0.961093	-116.8	-111.4
876 	200   	-112.78 	0.961093	-116.8	-111.4
877 	200   	-112.765	0.943165	-116.8	-111.4
878 	200   	-112.765	0.943165	-116.8	-111.4
879 	200   	-112.765	0.943165	-116.8	-111.4
880 	200   	-112.765	0.943332	-116.8	-111.4
881 	200   	-112.765	0.943332	-116.8	-111.4
882 	200   	-112.765	0.943332	-116.8	-111.4
883 	200   	-112.765	0.943499	-116.8	-111.4
884 	200   	-112.765	0.943499	-116.8	-111.4
885 	200   	-112.765	0.943499	-116.8	-111.4
886 	200   	-112.749	0.925364	-116.8	-111.4
887 	200   	-112.749	0.925364	-116.8	-111.4
888 	200   	-112.749	0.925364	-116.8	-111.4
889 	200   	-112.749	0.925364	-116.8	-111.4
890 	200   	-112.749	0.925364	-116.8	-111.4
891 	200   	-112.749	0.925364	-116.8	-111.4
892 	200   	-112.749	0.925364	-116.8	-111.4
893 	200   	-112.743	0.930085	-116.8	-111.4
894 	200   	-112.743	0.930085	-116.8	-111.4
895 	200   	-112.743	0.930085	-116.8	-111.4
896 	200   	-112.743	0.930085	-116.8	-111.4
897 	200   	-112.743	0.930085	-116.8	-111.4
898 	200   	-112.724	0.893378	-116.8	-111.4
899 	200   	-112.71 	0.873132	-116.8	-111.4
900 	200   	-112.71 	0.873132	-116.8	-111.4
901 	200   	-112.71 	0.873132	-116.8	-111.4
902 	200   	-112.71 	0.873132	-116.8	-111.4
903 	200   	-112.71 	0.873132	-116.8	-111.4
904 	200   	-112.71 	0.873132	-116.8	-111.4
905 	200   	-112.695	0.852159	-116.8	-111.4
906 	200   	-112.695	0.852303	-116.8	-111.4
907 	200   	-112.68 	0.830542	-116.8	-111.4
908 	200   	-112.68 	0.830542	-116.8	-111.4
909 	200   	-112.671	0.822654	-116.8	-111.4
910 	200   	-112.671	0.822654	-116.8	-111.4
911 	200   	-112.668	0.824011	-116.8	-111.4
912 	200   	-112.668	0.824011	-116.8	-111.4
913 	200   	-112.668	0.824011	-116.8	-111.4
914 	200   	-112.668	0.824011	-116.8	-111.4
915 	200   	-112.668	0.824011	-116.8	-111.4
916 	200   	-112.668	0.824011	-116.8	-111.4
917 	200   	-112.668	0.824011	-116.8	-111.4
918 	200   	-112.668	0.824011	-116.8	-111.4
919 	200   	-112.659	0.815921	-116.8	-111.4
920 	200   	-112.659	0.815921	-116.8	-111.4
921 	200   	-112.659	0.815921	-116.8	-111.4
922 	200   	-112.656	0.817168	-116.8	-111.4
923 	200   	-112.656	0.817168	-116.8	-111.4
924 	200   	-112.645	0.804285	-116.8	-111.4
925 	200   	-112.645	0.804285	-116.8	-111.4
926 	200   	-112.645	0.804285	-116.8	-111.4
927 	200   	-112.641	0.791271	-116.8	-111.4
928 	200   	-112.636	0.795741	-116.8	-111.4
929 	200   	-112.636	0.795741	-116.8	-111.4
930 	200   	-112.636	0.795741	-116.8	-111.4
931 	200   	-112.636	0.795741	-116.8	-111.4
932 	200   	-112.636	0.795741	-116.8	-111.4
933 	200   	-112.636	0.795741	-116.8	-111.4
934 	200   	-112.636	0.795741	-116.8	-111.4
935 	200   	-112.636	0.795741	-116.8	-111.4
936 	200   	-112.636	0.795741	-116.8	-111.4
937 	200   	-112.636	0.795741	-116.8	-111.4
938 	200   	-112.636	0.795741	-116.8	-111.4
939 	200   	-112.636	0.795858	-116.8	-111.4
940 	200   	-112.636	0.795858	-116.8	-111.4
941 	200   	-112.635	0.795974	-116.8	-111.4
942 	200   	-112.635	0.795974	-116.8	-111.4
943 	200   	-112.635	0.795974	-116.8	-111.4
944 	200   	-112.635	0.795974	-116.8	-111.4
945 	200   	-112.625	0.784968	-116.8	-111.4
946 	200   	-112.625	0.784968	-116.8	-111.4
947 	200   	-112.625	0.784968	-116.8	-111.4
948 	200   	-112.625	0.784968	-116.8	-111.4
949 	200   	-112.625	0.784968	-116.8	-111.4
950 	200   	-112.624	0.785254	-116.8	-111.4
951 	200   	-112.624	0.785254	-116.8	-111.4
952 	200   	-112.624	0.785254	-116.8	-111.4
953 	200   	-112.624	0.785254	-116.8	-111.4
954 	200   	-112.624	0.785254	-116.8	-111.4
955 	200   	-112.622	0.786331	-116.8	-111.4
956 	200   	-112.622	0.786331	-116.8	-111.4
957 	200   	-112.617	0.790998	-116.8	-111.4
958 	200   	-112.617	0.790998	-116.8	-111.4
959 	200   	-112.617	0.790998	-116.8	-111.4
960 	200   	-112.617	0.790998	-116.8	-111.4
961 	200   	-112.617	0.790998	-116.8	-111.4
962 	200   	-112.617	0.790998	-116.8	-111.4
963 	200   	-112.617	0.790998	-116.8	-111.4
964 	200   	-112.617	0.790998	-116.8	-111.4
965 	200   	-112.617	0.790998	-116.8	-111.4
966 	200   	-112.617	0.790998	-116.8	-111.4
967 	200   	-112.617	0.790998	-116.8	-111.4
968 	200   	-112.617	0.790998	-116.8	-111.4
969 	200   	-112.617	0.790998	-116.8	-111.4
970 	200   	-112.617	0.790998	-116.8	-111.4
971 	200   	-112.608	0.781981	-116.8	-111.4
972 	200   	-112.588	0.734341	-116.8	-111.4
973 	200   	-112.588	0.734341	-116.8	-111.4
974 	200   	-112.588	0.734341	-116.8	-111.4
975 	200   	-112.588	0.734341	-116.8	-111.4
976 	200   	-112.588	0.734341	-116.8	-111.4
977 	200   	-112.588	0.734341	-116.8	-111.4
978 	200   	-112.588	0.734341	-116.8	-111.4
979 	200   	-112.588	0.734341	-116.8	-111.4
980 	200   	-112.588	0.734341	-116.8	-111.4
981 	200   	-112.588	0.734341	-116.8	-111.4
982 	200   	-112.588	0.734341	-116.8	-111.4
983 	200   	-112.588	0.734341	-116.8	-111.4
984 	200   	-112.588	0.734341	-116.8	-111.4
985 	200   	-112.574	0.70677 	-116.8	-111.4
986 	200   	-112.574	0.70677 	-116.8	-111.4
987 	200   	-112.569	0.711588	-116.8	-111.4
988 	200   	-112.568	0.711671	-116.8	-111.4
989 	200   	-112.568	0.711671	-116.8	-111.4
990 	200   	-112.568	0.711671	-116.8	-111.4
991 	200   	-112.568	0.711671	-116.8	-111.4
992 	200   	-112.568	0.711671	-116.8	-111.4
993 	200   	-112.568	0.711671	-116.8	-111.4
994 	200   	-112.568	0.711671	-116.8	-111.4
995 	200   	-112.548	0.657798	-116.8	-111.4
996 	200   	-112.548	0.657798	-116.8	-111.4
997 	200   	-112.548	0.657798	-116.8	-111.4
998 	200   	-112.548	0.657798	-116.8	-111.4
999 	200   	-112.527	0.584697	-116.4	-111.4
1000	200   	-112.527	0.584697	-116.4	-111.4
1001	200   	-112.527	0.584697	-116.4	-111.4
1002	200   	-112.527	0.584697	-116.4	-111.4
1003	200   	-112.527	0.584697	-116.4	-111.4
1004	200   	-112.527	0.584697	-116.4	-111.4
1005	200   	-112.527	0.584697	-116.4	-111.4
1006	200   	-112.527	0.584697	-116.4	-111.4
1007	200   	-112.527	0.584697	-116.4	-111.4
1008	200   	-112.527	0.584697	-116.4	-111.4
1009	200   	-112.527	0.584697	-116.4	-111.4
1010	200   	-112.527	0.584697	-116.4	-111.4
1011	200   	-112.527	0.584697	-116.4	-111.4
1012	200   	-112.527	0.584697	-116.4	-111.4
1013	200   	-112.527	0.584697	-116.4	-111.4
1014	200   	-112.526	0.584763	-116.4	-111.4
1015	200   	-112.526	0.584763	-116.4	-111.4
1016	200   	-112.517	0.57109 	-116.4	-111.4
1017	200   	-112.517	0.57109 	-116.4	-111.4
1018	200   	-112.517	0.57109 	-116.4	-111.4
1019	200   	-112.517	0.57109 	-116.4	-111.4
1020	200   	-112.517	0.57109 	-116.4	-111.4
1021	200   	-112.517	0.57109 	-116.4	-111.4
1022	200   	-112.517	0.57109 	-116.4	-111.4
1023	200   	-112.517	0.57109 	-116.4	-111.4
1024	200   	-112.515	0.572254	-116.4	-111.4
1025	200   	-112.515	0.572254	-116.4	-111.4
1026	200   	-112.515	0.572254	-116.4	-111.4
1027	200   	-112.515	0.572254	-116.4	-111.4
1028	200   	-112.515	0.572254	-116.4	-111.4
1029	200   	-112.515	0.572254	-116.4	-111.4
1030	200   	-112.515	0.572254	-116.4	-111.4
1031	200   	-112.51 	0.575882	-116.4	-111.4
1032	200   	-112.505	0.581231	-116.4	-111.4
1033	200   	-112.505	0.581231	-116.4	-111.4
1034	200   	-112.505	0.581231	-116.4	-111.4
1035	200   	-112.505	0.581231	-116.4	-111.4
1036	200   	-112.505	0.581231	-116.4	-111.4
1037	200   	-112.505	0.581231	-116.4	-111.4
1038	200   	-112.505	0.581231	-116.4	-111.4
1039	200   	-112.505	0.581231	-116.4	-111.4
1040	200   	-112.505	0.581231	-116.4	-111.4
1041	200   	-112.505	0.581231	-116.4	-111.4
1042	200   	-112.505	0.581231	-116.4	-111.4
1043	200   	-112.505	0.581231	-116.4	-111.4
1044	200   	-112.505	0.581231	-116.4	-111.4
1045	200   	-112.505	0.581231	-116.4	-111.4
1046	200   	-112.505	0.581231	-116.4	-111.4
1047	200   	-112.505	0.581231	-116.4	-111.4
1048	200   	-112.505	0.581231	-116.4	-111.4
1049	200   	-112.505	0.581231	-116.4	-111.4
1050	200   	-112.505	0.581231	-116.4	-111.4
1051	200   	-112.505	0.581231	-116.4	-111.4
1052	200   	-112.501	0.579136	-116.4	-111.4
1053	200   	-112.501	0.579136	-116.4	-111.4
1054	200   	-112.501	0.579136	-116.4	-111.4
1055	200   	-112.501	0.579136	-116.4	-111.4
1056	200   	-112.501	0.579136	-116.4	-111.4
1057	200   	-112.501	0.579136	-116.4	-111.4
1058	200   	-112.501	0.579136	-116.4	-111.4
1059	200   	-112.501	0.579136	-116.4	-111.4
1060	200   	-112.501	0.579136	-116.4	-111.4
1061	200   	-112.501	0.579136	-116.4	-111.4
1062	200   	-112.501	0.579136	-116.4	-111.4
1063	200   	-112.499	0.580214	-116.4	-111.4
1064	200   	-112.499	0.580214	-116.4	-111.4
1065	200   	-112.499	0.580214	-116.4	-111.4
1066	200   	-112.499	0.580214	-116.4	-111.4
1067	200   	-112.499	0.580214	-116.4	-111.4
1068	200   	-112.486	0.543327	-116.4	-111.4
1069	200   	-112.486	0.543327	-116.4	-111.4
1070	200   	-112.486	0.543327	-116.4	-111.4
1071	200   	-112.485	0.543268	-116.4	-111.4
1072	200   	-112.485	0.543268	-116.4	-111.4
1073	200   	-112.485	0.543268	-116.4	-111.4
1074	200   	-112.466	0.467059	-116.4	-111.4
1075	200   	-112.466	0.467059	-116.4	-111.4
1076	200   	-112.466	0.467059	-116.4	-111.4
1077	200   	-112.466	0.467059	-116.4	-111.4
1078	200   	-112.466	0.467059	-116.4	-111.4
1079	200   	-112.466	0.467059	-116.4	-111.4
1080	200   	-112.466	0.467059	-116.4	-111.4
1081	200   	-112.466	0.467059	-116.4	-111.4
1082	200   	-112.465	0.467199	-116.4	-111.4
1083	200   	-112.465	0.467199	-116.4	-111.4
1084	200   	-112.465	0.467199	-116.4	-111.4
1085	200   	-112.465	0.467199	-116.4	-111.4
1086	200   	-112.465	0.467199	-116.4	-111.4
1087	200   	-112.465	0.467199	-116.4	-111.4
1088	200   	-112.465	0.467199	-116.4	-111.4
1089	200   	-112.465	0.467199	-116.4	-111.4
1090	200   	-112.465	0.467199	-116.4	-111.4
1091	200   	-112.465	0.467199	-116.4	-111.4
1092	200   	-112.465	0.467199	-116.4	-111.4
1093	200   	-112.465	0.467199	-116.4	-111.4
1094	200   	-112.463	0.468341	-116.4	-111.4
1095	200   	-112.463	0.468341	-116.4	-111.4
1096	200   	-112.463	0.468341	-116.4	-111.4
1097	200   	-112.463	0.468341	-116.4	-111.4
1098	200   	-112.463	0.468341	-116.4	-111.4
1099	200   	-112.463	0.468341	-116.4	-111.4
1100	200   	-112.46 	0.469468	-116.4	-111.4
1101	200   	-112.46 	0.469468	-116.4	-111.4
1102	200   	-112.46 	0.469468	-116.4	-111.4
1103	200   	-112.44 	0.377372	-116.4	-111.4
1104	200   	-112.44 	0.377372	-116.4	-111.4
1105	200   	-112.44 	0.377372	-116.4	-111.4
1106	200   	-112.44 	0.377372	-116.4	-111.4
1107	200   	-112.435	0.384415	-116.4	-111.4
1108	200   	-112.435	0.384415	-116.4	-111.4
1109	200   	-112.435	0.384525	-116.4	-111.4
1110	200   	-112.435	0.384525	-116.4	-111.4
1111	200   	-112.435	0.384525	-116.4	-111.4
1112	200   	-112.435	0.384525	-116.4	-111.4
1113	200   	-112.435	0.384525	-116.4	-111.4
1114	200   	-112.429	0.391355	-116.4	-111.4
1115	200   	-112.429	0.391355	-116.4	-111.4
1116	200   	-112.429	0.391355	-116.4	-111.4
1117	200   	-112.429	0.391355	-116.4	-111.4
1118	200   	-112.429	0.391355	-116.4	-111.4
1119	200   	-112.429	0.391355	-116.4	-111.4
1120	200   	-112.429	0.391355	-116.4	-111.4
1121	200   	-112.429	0.391355	-116.4	-111.4
1122	200   	-112.429	0.391355	-116.4	-111.4
1123	200   	-112.429	0.391355	-116.4	-111.4
1124	200   	-112.429	0.391355	-116.4	-111.4
1125	200   	-112.429	0.391355	-116.4	-111.4
1126	200   	-112.427	0.392489	-116.4	-111.4
1127	200   	-112.427	0.392489	-116.4	-111.4
1128	200   	-112.427	0.392489	-116.4	-111.4
1129	200   	-112.427	0.392489	-116.4	-111.4
1130	200   	-112.427	0.392489	-116.4	-111.4
1131	200   	-112.427	0.392489	-116.4	-111.4
1132	200   	-112.427	0.392489	-116.4	-111.4
1133	200   	-112.425	0.391088	-116.4	-111.4
1134	200   	-112.422	0.392194	-116.4	-111.4
1135	200   	-112.422	0.392194	-116.4	-111.4
1136	200   	-112.422	0.392194	-116.4	-111.4
1137	200   	-112.422	0.392194	-116.4	-111.4
1138	200   	-112.411	0.405067	-116.4	-111.4
1139	200   	-112.411	0.405067	-116.4	-111.4
1140	200   	-112.411	0.405067	-116.4	-111.4
1141	200   	-112.411	0.405067	-116.4	-111.4
1142	200   	-112.411	0.405067	-116.4	-111.4
1143	200   	-112.411	0.405067	-116.4	-111.4
1144	200   	-112.411	0.405067	-116.4	-111.4
1145	200   	-112.411	0.405067	-116.4	-111.4
1146	200   	-112.411	0.405067	-116.4	-111.4
1147	200   	-112.411	0.405067	-116.4	-111.4
1148	200   	-112.405	0.411242	-116.4	-111.4
1149	200   	-112.405	0.411242	-116.4	-111.4
1150	200   	-112.403	0.412178	-116.4	-111.4
1151	200   	-112.403	0.412178	-116.4	-111.4
1152	200   	-112.403	0.412178	-116.4	-111.4
1153	200   	-112.403	0.412178	-116.4	-111.4
1154	200   	-112.403	0.412178	-116.4	-111.4
1155	200   	-112.403	0.412178	-116.4	-111.4
1156	200   	-112.403	0.412178	-116.4	-111.4
1157	200   	-112.402	0.412669	-116.4	-111.4
1158	200   	-112.402	0.412669	-116.4	-111.4
1159	200   	-112.402	0.412669	-116.4	-111.4
1160	200   	-112.402	0.412669	-116.4	-111.4
1161	200   	-112.402	0.412669	-116.4	-111.4
1162	200   	-112.396	0.418669	-116.4	-111.4
1163	200   	-112.396	0.418669	-116.4	-111.4
1164	200   	-112.394	0.4196  	-116.4	-111.4
1165	200   	-112.394	0.4196  	-116.4	-111.4
1166	200   	-112.394	0.4196  	-116.4	-111.4
1167	200   	-112.394	0.4196  	-116.4	-111.4
1168	200   	-112.394	0.4196  	-116.4	-111.4
1169	200   	-112.394	0.4196  	-116.4	-111.4
1170	200   	-112.393	0.419533	-116.4	-111.4
1171	200   	-112.393	0.419533	-116.4	-111.4
1172	200   	-112.393	0.419533	-116.4	-111.4
1173	200   	-112.393	0.419533	-116.4	-111.4
1174	200   	-112.393	0.419465	-116.4	-111.4
1175	200   	-112.393	0.419465	-116.4	-111.4
1176	200   	-112.393	0.419465	-116.4	-111.4
1177	200   	-112.393	0.419465	-116.4	-111.4
1178	200   	-112.393	0.419465	-116.4	-111.4
1179	200   	-112.39 	0.420833	-116.4	-111.4
1180	200   	-112.39 	0.420833	-116.4	-111.4
1181	200   	-112.39 	0.420833	-116.4	-111.4
1182	200   	-112.39 	0.420833	-116.4	-111.4
1183	200   	-112.389	0.420808	-116.4	-111.4
1184	200   	-112.389	0.420808	-116.4	-111.4
1185	200   	-112.389	0.420808	-116.4	-111.4
1186	200   	-112.389	0.420808	-116.4	-111.4
1187	200   	-112.381	0.427246	-116.4	-111.4
1188	200   	-112.381	0.427246	-116.4	-111.4
1189	200   	-112.381	0.427246	-116.4	-111.4
1190	200   	-112.381	0.427246	-116.4	-111.4
1191	200   	-112.381	0.427246	-116.4	-111.4
1192	200   	-112.381	0.427246	-116.4	-111.4
1193	200   	-112.381	0.427246	-116.4	-111.4
1194	200   	-112.381	0.427246	-116.4	-111.4
1195	200   	-112.381	0.427246	-116.4	-111.4
1196	200   	-112.381	0.427246	-116.4	-111.4
1197	200   	-112.381	0.427246	-116.4	-111.4
1198	200   	-112.381	0.427246	-116.4	-111.4
1199	200   	-112.381	0.427246	-116.4	-111.4
1200	200   	-112.381	0.427246	-116.4	-111.4
1201	200   	-112.379	0.428004	-116.4	-111.4
1202	200   	-112.378	0.427921	-116.4	-111.4
1203	200   	-112.378	0.427921	-116.4	-111.4
1204	200   	-112.375	0.42866 	-116.4	-111.4
1205	200   	-112.375	0.42866 	-116.4	-111.4
1206	200   	-112.375	0.42866 	-116.4	-111.4
1207	200   	-112.375	0.42866 	-116.4	-111.4
1208	200   	-112.375	0.428602	-116.4	-111.4
1209	200   	-112.375	0.428602	-116.4	-111.4
1210	200   	-112.375	0.428602	-116.4	-111.4
1211	200   	-112.375	0.428602	-116.4	-111.4
1212	200   	-112.375	0.428602	-116.4	-111.4
1213	200   	-112.375	0.428602	-116.4	-111.4
1214	200   	-112.375	0.428602	-116.4	-111.4
1215	200   	-112.375	0.428602	-116.4	-111.4
1216	200   	-112.375	0.428602	-116.4	-111.4
1217	200   	-112.375	0.428602	-116.4	-111.4
1218	200   	-112.374	0.428541	-116.4	-111.4
1219	200   	-112.374	0.428541	-116.4	-111.4
1220	200   	-112.374	0.428541	-116.4	-111.4
1221	200   	-112.374	0.428541	-116.4	-111.4
1222	200   	-112.374	0.428541	-116.4	-111.4
1223	200   	-112.374	0.428541	-116.4	-111.4
1224	200   	-112.374	0.428541	-116.4	-111.4
1225	200   	-112.374	0.428541	-116.4	-111.4
1226	200   	-112.374	0.428541	-116.4	-111.4
1227	200   	-112.374	0.428541	-116.4	-111.4
1228	200   	-112.374	0.428541	-116.4	-111.4
1229	200   	-112.374	0.428541	-116.4	-111.4
1230	200   	-112.374	0.428541	-116.4	-111.4
1231	200   	-112.374	0.428541	-116.4	-111.4
1232	200   	-112.374	0.428541	-116.4	-111.4
1233	200   	-112.374	0.428541	-116.4	-111.4
1234	200   	-112.372	0.429346	-116.4	-111.4
1235	200   	-112.372	0.429346	-116.4	-111.4
1236	200   	-112.366	0.434677	-116.4	-111.4
1237	200   	-112.366	0.434677	-116.4	-111.4
1238	200   	-112.366	0.434677	-116.4	-111.4
1239	200   	-112.366	0.434677	-116.4	-111.4
1240	200   	-112.366	0.434677	-116.4	-111.4
1241	200   	-112.366	0.434677	-116.4	-111.4
1242	200   	-112.366	0.434677	-116.4	-111.4
1243	200   	-112.366	0.434677	-116.4	-111.4
1244	200   	-112.366	0.434677	-116.4	-111.4
1245	200   	-112.366	0.434677	-116.4	-111.4
1246	200   	-112.361	0.439976	-116.4	-111.4
1247	200   	-112.359	0.440249	-116.4	-111.4
1248	200   	-112.355	0.443373	-116.4	-111.4
1249	200   	-112.355	0.443373	-116.4	-111.4
1250	200   	-112.355	0.443373	-116.4	-111.4
1251	200   	-112.353	0.444065	-116.4	-111.4
1252	200   	-112.347	0.448989	-116.4	-111.4
1253	200   	-112.347	0.448989	-116.4	-111.4
1254	200   	-112.347	0.448989	-116.4	-111.4
1255	200   	-112.347	0.448989	-116.4	-111.4
1256	200   	-112.347	0.448989	-116.4	-111.4
1257	200   	-112.347	0.448989	-116.4	-111.4
1258	200   	-112.347	0.449319	-116.4	-111.4
1259	200   	-112.34 	0.453982	-116.4	-111.4
1260	200   	-112.34 	0.453982	-116.4	-111.4
1261	200   	-112.34 	0.453982	-116.4	-111.4
1262	200   	-112.34 	0.453982	-116.4	-111.4
1263	200   	-112.34 	0.453982	-116.4	-111.4
1264	200   	-112.34 	0.453982	-116.4	-111.4
1265	200   	-112.34 	0.453982	-116.4	-111.4
1266	200   	-112.34 	0.453982	-116.4	-111.4
1267	200   	-112.34 	0.453982	-116.4	-111.4
1268	200   	-112.335	0.45865 	-116.4	-111.4
1269	200   	-112.335	0.45865 	-116.4	-111.4
1270	200   	-112.335	0.45865 	-116.4	-111.4
1271	200   	-112.335	0.45865 	-116.4	-111.4
1272	200   	-112.332	0.458796	-116.4	-111.4
1273	200   	-112.332	0.458796	-116.4	-111.4
1274	200   	-112.308	0.357961	-113.5	-111.4
1275	200   	-112.308	0.357961	-113.5	-111.4
1276	200   	-112.308	0.357961	-113.5	-111.4
1277	200   	-112.307	0.358619	-113.5	-111.4
1278	200   	-112.307	0.358619	-113.5	-111.4
1279	200   	-112.302	0.34878 	-112.5	-111.4
1280	200   	-112.299	0.34914 	-112.5	-111.4
1281	200   	-112.299	0.34914 	-112.5	-111.4
1282	200   	-112.299	0.34914 	-112.5	-111.4
1283	200   	-112.299	0.34914 	-112.5	-111.4
1284	200   	-112.299	0.34914 	-112.5	-111.4
1285	200   	-112.299	0.34914 	-112.5	-111.4
1286	200   	-112.299	0.34914 	-112.5	-111.4
1287	200   	-112.299	0.34914 	-112.5	-111.4
1288	200   	-112.299	0.34914 	-112.5	-111.4
1289	200   	-112.299	0.34914 	-112.5	-111.4
1290	200   	-112.299	0.34914 	-112.5	-111.4
1291	200   	-112.299	0.34914 	-112.5	-111.4
1292	200   	-112.299	0.34914 	-112.5	-111.4
1293	200   	-112.291	0.354851	-112.5	-111.4
1294	200   	-112.291	0.354851	-112.5	-111.4
1295	200   	-112.291	0.354851	-112.5	-111.4
1296	200   	-112.291	0.354851	-112.5	-111.4
1297	200   	-112.291	0.354851	-112.5	-111.4
1298	200   	-112.291	0.354851	-112.5	-111.4
1299	200   	-112.291	0.354851	-112.5	-111.4
1300	200   	-112.291	0.354851	-112.5	-111.4
1301	200   	-112.291	0.354851	-112.5	-111.4
1302	200   	-112.291	0.354851	-112.5	-111.4
1303	200   	-112.291	0.354851	-112.5	-111.4
1304	200   	-112.291	0.354851	-112.5	-111.4
1305	200   	-112.291	0.354851	-112.5	-111.4
1306	200   	-112.285	0.360291	-112.5	-111.4
1307	200   	-112.283	0.360848	-112.5	-111.4
1308	200   	-112.283	0.360848	-112.5	-111.4
1309	200   	-112.28 	0.36565 	-112.5	-111.4
1310	200   	-112.28 	0.36565 	-112.5	-111.4
1311	200   	-112.278	0.365847	-112.5	-111.4
1312	200   	-112.278	0.365847	-112.5	-111.4
1313	200   	-112.278	0.365847	-112.5	-111.4
1314	200   	-112.278	0.365847	-112.5	-111.4
1315	200   	-112.278	0.365847	-112.5	-111.4
1316	200   	-112.278	0.365847	-112.5	-111.4
1317	200   	-112.278	0.365847	-112.5	-111.4
1318	200   	-112.269	0.371267	-112.5	-111.4
1319	200   	-112.266	0.371386	-112.5	-111.4
1320	200   	-112.258	0.376069	-112.5	-111.4
1321	200   	-112.258	0.376069	-112.5	-111.4
1322	200   	-112.258	0.376069	-112.5	-111.4
1323	200   	-112.258	0.376069	-112.5	-111.4
1324	200   	-112.258	0.376069	-112.5	-111.4
1325	200   	-112.258	0.376069	-112.5	-111.4
1326	200   	-112.258	0.376069	-112.5	-111.4
1327	200   	-112.256	0.376117	-112.5	-111.4
1328	200   	-112.25 	0.380526	-112.5	-111.4
1329	200   	-112.25 	0.380526	-112.5	-111.4
1330	200   	-112.248	0.380521	-112.5	-111.4
1331	200   	-112.245	0.380499	-112.5	-111.4
1332	200   	-112.245	0.380499	-112.5	-111.4
1333	200   	-112.245	0.380499	-112.5	-111.4
1334	200   	-112.245	0.380499	-112.5	-111.4
1335	200   	-112.245	0.380499	-112.5	-111.4
1336	200   	-112.245	0.380499	-112.5	-111.4
1337	200   	-112.245	0.380499	-112.5	-111.4
1338	200   	-112.245	0.380499	-112.5	-111.4
1339	200   	-112.245	0.380499	-112.5	-111.4
1340	200   	-112.245	0.380499	-112.5	-111.4
1341	200   	-112.245	0.380499	-112.5	-111.4
1342	200   	-112.245	0.380092	-112.5	-111.4
1343	200   	-112.245	0.380092	-112.5	-111.4
1344	200   	-112.242	0.380047	-112.5	-111.4
1345	200   	-112.239	0.384015	-112.5	-111.4
1346	200   	-112.239	0.384015	-112.5	-111.4
1347	200   	-112.239	0.384015	-112.5	-111.4
1348	200   	-112.239	0.384015	-112.5	-111.4
1349	200   	-112.236	0.388188	-112.5	-111.4
1350	200   	-112.236	0.388188	-112.5	-111.4
1351	200   	-112.233	0.388086	-112.5	-111.4
1352	200   	-112.231	0.387969	-112.5	-111.4
1353	200   	-112.231	0.387969	-112.5	-111.4
1354	200   	-112.228	0.387835	-112.5	-111.4
1355	200   	-112.228	0.387835	-112.5	-111.4
1356	200   	-112.228	0.387835	-112.5	-111.4
1357	200   	-112.228	0.387835	-112.5	-111.4
1358	200   	-112.228	0.387835	-112.5	-111.4
1359	200   	-112.228	0.387835	-112.5	-111.4
1360	200   	-112.228	0.387835	-112.5	-111.4
1361	200   	-112.228	0.387835	-112.5	-111.4
1362	200   	-112.228	0.387835	-112.5	-111.4
1363	200   	-112.228	0.387835	-112.5	-111.4
1364	200   	-112.221	0.387633	-112.5	-111.4
1365	200   	-112.221	0.387633	-112.5	-111.4
1366	200   	-112.22 	0.387853	-112.5	-111.4
1367	200   	-112.22 	0.387853	-112.5	-111.4
1368	200   	-112.215	0.391631	-112.5	-111.4
1369	200   	-112.215	0.391631	-112.5	-111.4
1370	200   	-112.215	0.391631	-112.5	-111.4
1371	200   	-112.21 	0.391152	-112.5	-111.4
1372	200   	-112.21 	0.391152	-112.5	-111.4
1373	200   	-112.21 	0.391152	-112.5	-111.4
1374	200   	-112.21 	0.391152	-112.5	-111.4
1375	200   	-112.209	0.390665	-112.5	-111.4
1376	200   	-112.209	0.390665	-112.5	-111.4
1377	200   	-112.209	0.390665	-112.5	-111.4
1378	200   	-112.209	0.390665	-112.5	-111.4
1379	200   	-112.209	0.390665	-112.5	-111.4
1380	200   	-112.209	0.390665	-112.5	-111.4
1381	200   	-112.204	0.394256	-112.5	-111.4
1382	200   	-112.198	0.393949	-112.5	-111.4
1383	200   	-112.193	0.397879	-112.5	-111.4
1384	200   	-112.193	0.397879	-112.5	-111.4
1385	200   	-112.193	0.397879	-112.5	-111.4
1386	200   	-112.193	0.397879	-112.5	-111.4
1387	200   	-112.193	0.397879	-112.5	-111.4
1388	200   	-112.193	0.397879	-112.5	-111.4
1389	200   	-112.191	0.400648	-112.5	-111.4
1390	200   	-112.191	0.400648	-112.5	-111.4
1391	200   	-112.191	0.400648	-112.5	-111.4
1392	200   	-112.19 	0.400125	-112.5	-111.4
1393	200   	-112.185	0.403373	-112.5	-111.4
1394	200   	-112.185	0.403373	-112.5	-111.4
1395	200   	-112.185	0.403373	-112.5	-111.4
1396	200   	-112.185	0.403373	-112.5	-111.4
1397	200   	-112.182	0.402959	-112.5	-111.4
1398	200   	-112.182	0.402959	-112.5	-111.4
1399	200   	-112.182	0.402959	-112.5	-111.4
1400	200   	-112.182	0.402959	-112.5	-111.4
1401	200   	-112.174	0.405616	-112.5	-111.4
1402	200   	-112.174	0.405616	-112.5	-111.4
1403	200   	-112.168	0.408605	-112.5	-111.4
1404	200   	-112.165	0.412019	-112.5	-111.4
1405	200   	-112.163	0.411498	-112.5	-111.4
1406	200   	-112.157	0.414299	-112.5	-111.4
1407	200   	-112.157	0.414299	-112.5	-111.4
1408	200   	-112.152	0.417008	-112.5	-111.4
1409	200   	-112.15 	0.416293	-112.5	-111.4
1410	200   	-112.15 	0.416293	-112.5	-111.4
1411	200   	-112.15 	0.416293	-112.5	-111.4
1412	200   	-112.15 	0.416293	-112.5	-111.4
1413	200   	-112.15 	0.416293	-112.5	-111.4
1414	200   	-112.15 	0.416293	-112.5	-111.4
1415	200   	-112.15 	0.416293	-112.5	-111.4
1416	200   	-112.148	0.41629 	-112.5	-111.4
1417	200   	-112.148	0.41629 	-112.5	-111.4
1418	200   	-112.146	0.415673	-112.5	-111.4
1419	200   	-112.146	0.415673	-112.5	-111.4
1420	200   	-112.144	0.415039	-112.5	-111.4
1421	200   	-112.139	0.4141  	-112.5	-111.4
1422	200   	-112.139	0.4141  	-112.5	-111.4
1423	200   	-112.139	0.4141  	-112.5	-111.4
1424	200   	-112.136	0.413422	-112.5	-111.4
1425	200   	-112.136	0.413422	-112.5	-111.4
1426	200   	-112.136	0.413422	-112.5	-111.4
1427	200   	-112.136	0.413422	-112.5	-111.4
1428	200   	-112.136	0.413422	-112.5	-111.4
1429	200   	-112.133	0.416567	-112.5	-111.4
1430	200   	-112.133	0.416567	-112.5	-111.4
1431	200   	-112.133	0.416567	-112.5	-111.4
1432	200   	-112.133	0.416567	-112.5	-111.4
1433	200   	-112.133	0.416567	-112.5	-111.4
1434	200   	-112.133	0.416567	-112.5	-111.4
1435	200   	-112.133	0.416567	-112.5	-111.4
1436	200   	-112.133	0.416567	-112.5	-111.4
1437	200   	-112.133	0.416567	-112.5	-111.4
1438	200   	-112.133	0.416567	-112.5	-111.4
1439	200   	-112.133	0.416567	-112.5	-111.4
1440	200   	-112.133	0.416567	-112.5	-111.4
1441	200   	-112.133	0.416567	-112.5	-111.4
1442	200   	-112.133	0.416567	-112.5	-111.4
1443	200   	-112.131	0.415859	-112.5	-111.4
1444	200   	-112.131	0.415859	-112.5	-111.4
1445	200   	-112.131	0.415859	-112.5	-111.4
1446	200   	-112.131	0.415859	-112.5	-111.4
1447	200   	-112.131	0.415859	-112.5	-111.4
1448	200   	-112.131	0.415859	-112.5	-111.4
1449	200   	-112.129	0.415136	-112.5	-111.4
1450	200   	-112.129	0.415136	-112.5	-111.4
1451	200   	-112.129	0.415136	-112.5	-111.4
1452	200   	-112.128	0.414748	-112.5	-111.4
1453	200   	-112.128	0.414748	-112.5	-111.4
1454	200   	-112.128	0.414748	-112.5	-111.4
1455	200   	-112.128	0.414748	-112.5	-111.4
1456	200   	-112.126	0.414005	-112.5	-111.4
1457	200   	-112.126	0.414005	-112.5	-111.4
1458	200   	-112.123	0.413244	-112.5	-111.4
1459	200   	-112.118	0.415504	-112.5	-111.4
1460	200   	-112.118	0.415504	-112.5	-111.4
1461	200   	-112.118	0.415504	-112.5	-111.4
1462	200   	-112.118	0.415504	-112.5	-111.4
1463	200   	-112.118	0.415504	-112.5	-111.4
1464	200   	-112.118	0.415504	-112.5	-111.4
1465	200   	-112.118	0.415504	-112.5	-111.4
1466	200   	-112.118	0.415504	-112.5	-111.4
1467	200   	-112.118	0.415504	-112.5	-111.4
1468	200   	-112.118	0.415504	-112.5	-111.4
1469	200   	-112.118	0.415504	-112.5	-111.4
1470	200   	-112.118	0.415504	-112.5	-111.4
1471	200   	-112.118	0.415504	-112.5	-111.4
1472	200   	-112.112	0.417679	-112.5	-111.4
1473	200   	-112.11 	0.416845	-112.5	-111.4
1474	200   	-112.11 	0.416845	-112.5	-111.4
1475	200   	-112.11 	0.416845	-112.5	-111.4
1476	200   	-112.11 	0.416845	-112.5	-111.4
1477	200   	-112.105	0.419321	-112.5	-111.4
1478	200   	-112.105	0.419321	-112.5	-111.4
1479	200   	-112.105	0.419321	-112.5	-111.4
1480	200   	-112.099	0.421306	-112.5	-111.4
1481	200   	-112.099	0.421306	-112.5	-111.4
1482	200   	-112.099	0.421306	-112.5	-111.4
1483	200   	-112.099	0.421306	-112.5	-111.4
1484	200   	-112.099	0.421306	-112.5	-111.4
1485	200   	-112.099	0.421306	-112.5	-111.4
1486	200   	-112.099	0.421306	-112.5	-111.4
1487	200   	-112.099	0.421306	-112.5	-111.4
1488	200   	-112.099	0.421306	-112.5	-111.4
1489	200   	-112.094	0.419481	-112.5	-111.4
1490	200   	-112.094	0.419481	-112.5	-111.4
1491	200   	-112.094	0.419481	-112.5	-111.4
1492	200   	-112.094	0.419481	-112.5	-111.4
1493	200   	-112.089	0.421329	-112.5	-111.4
1494	200   	-112.083	0.423097	-112.5	-111.4
1495	200   	-112.083	0.423097	-112.5	-111.4
1496	200   	-112.083	0.423097	-112.5	-111.4
1497	200   	-112.083	0.423097	-112.5	-111.4
1498	200   	-112.083	0.423097	-112.5	-111.4
1499	200   	-112.083	0.423097	-112.5	-111.4
1500	200   	-112.083	0.423097	-112.5	-111.4
1501	200   	-112.083	0.423097	-112.5	-111.4
1502	200   	-112.079	0.425544	-112.5	-111.4
1503	200   	-112.079	0.425544	-112.5	-111.4
1504	200   	-112.079	0.425544	-112.5	-111.4
1505	200   	-112.079	0.425544	-112.5	-111.4
1506	200   	-112.079	0.425544	-112.5	-111.4
1507	200   	-112.079	0.425544	-112.5	-111.4
1508	200   	-112.07 	0.426122	-112.5	-111.4
1509	200   	-112.07 	0.426122	-112.5	-111.4
1510	200   	-112.068	0.425648	-112.5	-111.4
1511	200   	-112.06 	0.429662	-112.5	-111.4
1512	200   	-112.06 	0.429662	-112.5	-111.4
1513	200   	-112.06 	0.429662	-112.5	-111.4
1514	200   	-112.056	0.42867 	-112.5	-111.4
1515	200   	-112.056	0.42867 	-112.5	-111.4
1516	200   	-112.053	0.431147	-112.5	-111.4
1517	200   	-112.053	0.431147	-112.5	-111.4
1518	200   	-112.053	0.431147	-112.5	-111.4
1519	200   	-112.053	0.431147	-112.5	-111.4
1520	200   	-112.053	0.431147	-112.5	-111.4
1521	200   	-112.053	0.431147	-112.5	-111.4
1522	200   	-112.053	0.431147	-112.5	-111.4
1523	200   	-112.053	0.431147	-112.5	-111.4
1524	200   	-112.05 	0.433589	-112.5	-111.4
1525	200   	-112.05 	0.433589	-112.5	-111.4
1526	200   	-112.05 	0.433589	-112.5	-111.4
1527	200   	-112.05 	0.433589	-112.5	-111.4
1528	200   	-112.05 	0.433589	-112.5	-111.4
1529	200   	-112.05 	0.433589	-112.5	-111.4
1530	200   	-112.05 	0.433589	-112.5	-111.4
1531	200   	-112.05 	0.433589	-112.5	-111.4
1532	200   	-112.05 	0.433589	-112.5	-111.4
1533	200   	-112.042	0.437191	-112.5	-111.4
1534	200   	-112.042	0.437191	-112.5	-111.4
1535	200   	-112.039	0.439521	-112.5	-111.4
1536	200   	-112.034	0.440599	-112.5	-111.4
1537	200   	-112.031	0.439362	-112.5	-111.4
1538	200   	-112.023	0.439057	-112.5	-111.4
1539	200   	-112.023	0.439057	-112.5	-111.4
1540	200   	-112.023	0.439057	-112.5	-111.4
1541	200   	-112.023	0.439057	-112.5	-111.4
1542	200   	-112.02 	0.441248	-112.5	-111.4
1543	200   	-112.02 	0.441248	-112.5	-111.4
1544	200   	-112.02 	0.441248	-112.5	-111.4
1545	200   	-112.02 	0.441248	-112.5	-111.4
1546	200   	-112.017	0.443408	-112.5	-111.4
1547	200   	-112.009	0.443417	-112.5	-111.4
1548	200   	-112.004	0.444115	-112.5	-111.4
1549	200   	-111.998	0.444743	-112.5	-111.4
1550	200   	-111.998	0.444743	-112.5	-111.4
1551	200   	-111.998	0.444743	-112.5	-111.4
1552	200   	-111.998	0.444743	-112.5	-111.4
1553	200   	-111.998	0.444743	-112.5	-111.4
1554	200   	-111.993	0.445302	-112.5	-111.4
1555	200   	-111.993	0.445302	-112.5	-111.4
1556	200   	-111.993	0.445302	-112.5	-111.4
1557	200   	-111.99 	0.443847	-112.5	-111.4
1558	200   	-111.987	0.442373	-112.5	-111.4
1559	200   	-111.987	0.442373	-112.5	-111.4
1560	200   	-111.987	0.442373	-112.5	-111.4
1561	200   	-111.987	0.442373	-112.5	-111.4
1562	200   	-111.987	0.442373	-112.5	-111.4
1563	200   	-111.987	0.442373	-112.5	-111.4
1564	200   	-111.987	0.442373	-112.5	-111.4
1565	200   	-111.987	0.442373	-112.5	-111.4
1566	200   	-111.977	0.443168	-112.5	-111.4
1567	200   	-111.974	0.441615	-112.5	-111.4
1568	200   	-111.974	0.441615	-112.5	-111.4
1569	200   	-111.974	0.441615	-112.5	-111.4
1570	200   	-111.974	0.441615	-112.5	-111.4
1571	200   	-111.974	0.441615	-112.5	-111.4
1572	200   	-111.974	0.441615	-112.5	-111.4
1573	200   	-111.972	0.440586	-112.5	-111.4
1574	200   	-111.972	0.440586	-112.5	-111.4
1575	200   	-111.972	0.440586	-112.5	-111.4
1576	200   	-111.972	0.440586	-112.5	-111.4
1577	200   	-111.972	0.440586	-112.5	-111.4
1578	200   	-111.972	0.440586	-112.5	-111.4
1579	200   	-111.968	0.441807	-112.5	-111.4
1580	200   	-111.968	0.441807	-112.5	-111.4
1581	200   	-111.962	0.441991	-112.5	-111.4
1582	200   	-111.962	0.441991	-112.5	-111.4
1583	200   	-111.962	0.441991	-112.5	-111.4
1584	200   	-111.956	0.442106	-112.5	-111.4
1585	200   	-111.954	0.440436	-112.5	-111.4
1586	200   	-111.952	0.438858	-112.5	-111.4
1587	200   	-111.952	0.438858	-112.5	-111.4
1588	200   	-111.941	0.43877 	-112.5	-111.4
1589	200   	-111.94 	0.438873	-112.5	-111.4
1590	200   	-111.94 	0.438873	-112.5	-111.4
1591	200   	-111.94 	0.438873	-112.5	-111.4
1592	200   	-111.934	0.435385	-112.5	-111.4
1593	200   	-111.934	0.435481	-112.5	-111.4
1594	200   	-111.934	0.435481	-112.5	-111.4
1595	200   	-111.931	0.43708 	-112.5	-111.4
1596	200   	-111.931	0.43708 	-112.5	-111.4
1597	200   	-111.931	0.43708 	-112.5	-111.4
1598	200   	-111.931	0.43708 	-112.5	-111.4
1599	200   	-111.931	0.43708 	-112.5	-111.4
1600	200   	-111.929	0.435843	-112.5	-111.4
1601	200   	-111.929	0.435843	-112.5	-111.4
1602	200   	-111.929	0.435843	-112.5	-111.4
1603	200   	-111.929	0.435843	-112.5	-111.4
1604	200   	-111.926	0.437406	-112.5	-111.4
1605	200   	-111.926	0.437406	-112.5	-111.4
1606	200   	-111.926	0.437406	-112.5	-111.4
1607	200   	-111.926	0.437406	-112.5	-111.4
1608	200   	-111.926	0.437406	-112.5	-111.4
1609	200   	-111.918	0.435174	-112.5	-111.4
1610	200   	-111.91 	0.436234	-112.5	-111.4
1611	200   	-111.91 	0.436234	-112.5	-111.4
1612	200   	-111.91 	0.436234	-112.5	-111.4
1613	200   	-111.91 	0.436234	-112.5	-111.4
1614	200   	-111.91 	0.436234	-112.5	-111.4
1615	200   	-111.91 	0.436234	-112.5	-111.4
1616	200   	-111.907	0.434274	-112.5	-111.4
1617	200   	-111.902	0.4337  	-112.5	-111.4
1618	200   	-111.902	0.4337  	-112.5	-111.4
1619	200   	-111.902	0.4337  	-112.5	-111.4
1620	200   	-111.902	0.4337  	-112.5	-111.4
1621	200   	-111.9  	0.435143	-112.5	-111.4
1622	200   	-111.9  	0.435143	-112.5	-111.4
1623	200   	-111.897	0.433118	-112.5	-111.4
1624	200   	-111.897	0.432594	-112.5	-111.4
1625	200   	-111.897	0.432594	-112.5	-111.4
1626	200   	-111.895	0.43072 	-112.5	-111.4
1627	200   	-111.895	0.43072 	-112.5	-111.4
1628	200   	-111.895	0.43072 	-112.5	-111.4
1629	200   	-111.895	0.43072 	-112.5	-111.4
1630	200   	-111.895	0.43072 	-112.5	-111.4
1631	200   	-111.895	0.43072 	-112.5	-111.4
1632	200   	-111.894	0.431119	-112.5	-111.4
1633	200   	-111.894	0.431119	-112.5	-111.4
1634	200   	-111.894	0.431119	-112.5	-111.4
1635	200   	-111.894	0.431119	-112.5	-111.4
1636	200   	-111.894	0.431119	-112.5	-111.4
1637	200   	-111.894	0.431119	-112.5	-111.4
1638	200   	-111.886	0.428915	-112.5	-111.4
1639	200   	-111.886	0.428915	-112.5	-111.4
1640	200   	-111.882	0.429274	-112.5	-111.4
1641	200   	-111.882	0.428845	-112.5	-111.4
1642	200   	-111.88 	0.427633	-112.5	-111.4
1643	200   	-111.88 	0.427633	-112.5	-111.4
1644	200   	-111.88 	0.427633	-112.5	-111.4
1645	200   	-111.88 	0.427633	-112.5	-111.4
1646	200   	-111.88 	0.427633	-112.5	-111.4
1647	200   	-111.88 	0.427633	-112.5	-111.4
1648	200   	-111.88 	0.427633	-112.5	-111.4
1649	200   	-111.88 	0.427633	-112.5	-111.4
1650	200   	-111.877	0.428887	-112.5	-111.4
1651	200   	-111.877	0.428887	-112.5	-111.4
1652	200   	-111.877	0.428887	-112.5	-111.4
1653	200   	-111.877	0.428887	-112.5	-111.4
1654	200   	-111.875	0.430116	-112.5	-111.4
1655	200   	-111.875	0.430116	-112.5	-111.4
1656	200   	-111.875	0.430116	-112.5	-111.4
1657	200   	-111.873	0.431386	-112.5	-111.4
1658	200   	-111.873	0.431386	-112.5	-111.4
1659	200   	-111.873	0.431386	-112.5	-111.4
1660	200   	-111.873	0.431386	-112.5	-111.4
1661	200   	-111.873	0.431386	-112.5	-111.4
1662	200   	-111.873	0.431386	-112.5	-111.4
1663	200   	-111.873	0.431386	-112.5	-111.4
1664	200   	-111.873	0.431386	-112.5	-111.4
1665	200   	-111.873	0.431386	-112.5	-111.4
1666	200   	-111.868	0.431597	-112.5	-111.4
1667	200   	-111.865	0.432753	-112.5	-111.4
1668	200   	-111.859	0.434993	-112.5	-111.4
1669	200   	-111.859	0.434993	-112.5	-111.4
1670	200   	-111.859	0.434993	-112.5	-111.4
1671	200   	-111.859	0.434993	-112.5	-111.4
1672	200   	-111.859	0.434993	-112.5	-111.4
1673	200   	-111.859	0.434993	-112.5	-111.4
1674	200   	-111.859	0.434993	-112.5	-111.4
1675	200   	-111.859	0.434993	-112.5	-111.4
1676	200   	-111.859	0.434993	-112.5	-111.4
1677	200   	-111.856	0.436078	-112.5	-111.4
1678	200   	-111.852	0.432777	-112.5	-111.4
1679	200   	-111.847	0.431495	-112.5	-111.4
1680	200   	-111.847	0.431495	-112.5	-111.4
1681	200   	-111.847	0.431495	-112.5	-111.4
1682	200   	-111.847	0.431495	-112.5	-111.4
1683	200   	-111.845	0.430436	-112.5	-111.4
1684	200   	-111.842	0.431435	-112.5	-111.4
1685	200   	-111.837	0.430021	-112.5	-111.4
1686	200   	-111.837	0.430021	-112.5	-111.4
1687	200   	-111.837	0.430021	-112.5	-111.4
1688	200   	-111.837	0.430021	-112.5	-111.4
1689	200   	-111.837	0.430021	-112.5	-111.4
1690	200   	-111.837	0.430021	-112.5	-111.4
1691	200   	-111.837	0.430021	-112.5	-111.4
1692	200   	-111.837	0.430021	-112.5	-111.4
1693	200   	-111.837	0.430021	-112.5	-111.4
1694	200   	-111.837	0.430021	-112.5	-111.4
1695	200   	-111.837	0.430021	-112.5	-111.4
1696	200   	-111.837	0.430021	-112.5	-111.4
1697	200   	-111.837	0.430021	-112.5	-111.4
1698	200   	-111.831	0.428531	-112.5	-111.4
1699	200   	-111.831	0.428531	-112.5	-111.4
1700	200   	-111.831	0.428531	-112.5	-111.4
1701	200   	-111.829	0.426072	-112.5	-111.4
1702	200   	-111.829	0.426072	-112.5	-111.4
1703	200   	-111.829	0.426072	-112.5	-111.4
1704	200   	-111.829	0.426072	-112.5	-111.4
1705	200   	-111.829	0.426072	-112.5	-111.4
1706	200   	-111.829	0.426072	-112.5	-111.4
1707	200   	-111.826	0.426966	-112.5	-111.4
1708	200   	-111.826	0.426966	-112.5	-111.4
1709	200   	-111.826	0.426966	-112.5	-111.4
1710	200   	-111.826	0.426966	-112.5	-111.4
1711	200   	-111.826	0.426966	-112.5	-111.4
1712	200   	-111.826	0.426966	-112.5	-111.4
1713	200   	-111.826	0.426966	-112.5	-111.4
1714	200   	-111.826	0.426966	-112.5	-111.4
1715	200   	-111.825	0.427405	-112.5	-111.4
1716	200   	-111.825	0.427405	-112.5	-111.4
1717	200   	-111.822	0.428271	-112.5	-111.4
1718	200   	-111.822	0.428271	-112.5	-111.4
1719	200   	-111.822	0.428271	-112.5	-111.4
1720	200   	-111.822	0.428271	-112.5	-111.4
1721	200   	-111.822	0.428271	-112.5	-111.4
1722	200   	-111.822	0.428271	-112.5	-111.4
1723	200   	-111.822	0.428271	-112.5	-111.4
1724	200   	-111.822	0.428271	-112.5	-111.4
1725	200   	-111.822	0.428271	-112.5	-111.4
1726	200   	-111.822	0.428271	-112.5	-111.4
1727	200   	-111.822	0.428271	-112.5	-111.4
1728	200   	-111.822	0.428271	-112.5	-111.4
1729	200   	-111.822	0.428271	-112.5	-111.4
1730	200   	-111.822	0.428271	-112.5	-111.4
1731	200   	-111.822	0.428271	-112.5	-111.4
1732	200   	-111.822	0.428271	-112.5	-111.4
1733	200   	-111.822	0.428271	-112.5	-111.4
1734	200   	-111.822	0.428271	-112.5	-111.4
1735	200   	-111.82 	0.425758	-112.5	-111.4
1736	200   	-111.82 	0.425758	-112.5	-111.4
1737	200   	-111.814	0.424033	-112.5	-111.4
1738	200   	-111.812	0.421447	-112.5	-111.4
1739	200   	-111.812	0.421447	-112.5	-111.4
1740	200   	-111.812	0.421447	-112.5	-111.4
1741	200   	-111.812	0.421447	-112.5	-111.4
1742	200   	-111.812	0.421447	-112.5	-111.4
1743	200   	-111.812	0.421447	-112.5	-111.4
1744	200   	-111.812	0.421447	-112.5	-111.4
1745	200   	-111.812	0.421447	-112.5	-111.4
1746	200   	-111.812	0.421447	-112.5	-111.4
1747	200   	-111.806	0.4196  	-112.5	-111.4
1748	200   	-111.806	0.4196  	-112.5	-111.4
1749	200   	-111.806	0.4196  	-112.5	-111.4
1750	200   	-111.806	0.4196  	-112.5	-111.4
1751	200   	-111.806	0.4196  	-112.5	-111.4
1752	200   	-111.806	0.4196  	-112.5	-111.4
1753	200   	-111.806	0.4196  	-112.5	-111.4
1754	200   	-111.806	0.4196  	-112.5	-111.4
1755	200   	-111.806	0.4196  	-112.5	-111.4
1756	200   	-111.801	0.418448	-112.5	-111.4
1757	200   	-111.801	0.418448	-112.5	-111.4
1758	200   	-111.796	0.416449	-112.5	-111.4
1759	200   	-111.796	0.416449	-112.5	-111.4
1760	200   	-111.796	0.416449	-112.5	-111.4
1761	200   	-111.796	0.416449	-112.5	-111.4
1762	200   	-111.795	0.415716	-112.5	-111.4
1763	200   	-111.794	0.414926	-112.5	-111.4
1764	200   	-111.794	0.414926	-112.5	-111.4
1765	200   	-111.794	0.414926	-112.5	-111.4
1766	200   	-111.794	0.414926	-112.5	-111.4
1767	200   	-111.79 	0.409682	-112.5	-111.4
1768	200   	-111.787	0.410326	-112.5	-111.4
1769	200   	-111.787	0.410326	-112.5	-111.4
1770	200   	-111.787	0.410326	-112.5	-111.4
1771	200   	-111.787	0.410326	-112.5	-111.4
1772	200   	-111.787	0.410326	-112.5	-111.4
1773	200   	-111.787	0.410326	-112.5	-111.4
1774	200   	-111.784	0.410947	-112.5	-111.4
1775	200   	-111.784	0.410947	-112.5	-111.4
1776	200   	-111.784	0.410947	-112.5	-111.4
1777	200   	-111.784	0.410947	-112.5	-111.4
1778	200   	-111.784	0.410947	-112.5	-111.4
1779	200   	-111.784	0.410947	-112.5	-111.4
1780	200   	-111.784	0.410947	-112.5	-111.4
1781	200   	-111.78 	0.411546	-112.5	-111.4
1782	200   	-111.78 	0.411546	-112.5	-111.4
1783	200   	-111.778	0.408465	-112.5	-111.4
1784	200   	-111.778	0.408465	-112.5	-111.4
1785	200   	-111.778	0.408465	-112.5	-111.4
1786	200   	-111.778	0.408465	-112.5	-111.4
1787	200   	-111.778	0.408465	-112.5	-111.4
1788	200   	-111.778	0.408465	-112.5	-111.4
1789	200   	-111.778	0.408465	-112.5	-111.4
1790	200   	-111.778	0.408465	-112.5	-111.4
1791	200   	-111.778	0.408465	-112.5	-111.4
1792	200   	-111.778	0.408465	-112.5	-111.4
1793	200   	-111.772	0.406099	-112.5	-111.4
1794	200   	-111.772	0.406099	-112.5	-111.4
1795	200   	-111.772	0.406099	-112.5	-111.4
1796	200   	-111.772	0.406099	-112.5	-111.4
1797	200   	-111.769	0.406619	-112.5	-111.4
1798	200   	-111.769	0.406273	-112.5	-111.4
1799	200   	-111.769	0.406273	-112.5	-111.4
1800	200   	-111.769	0.406273	-112.5	-111.4
1801	200   	-111.769	0.406273	-112.5	-111.4
1802	200   	-111.769	0.406273	-112.5	-111.4
1803	200   	-111.769	0.406273	-112.5	-111.4
1804	200   	-111.768	0.405433	-112.5	-111.4
1805	200   	-111.768	0.405433	-112.5	-111.4
1806	200   	-111.768	0.405433	-112.5	-111.4
1807	200   	-111.765	0.405925	-112.5	-111.4
1808	200   	-111.762	0.402576	-112.5	-111.4
1809	200   	-111.762	0.402576	-112.5	-111.4
1810	200   	-111.762	0.402576	-112.5	-111.4
1811	200   	-111.762	0.402576	-112.5	-111.4
1812	200   	-111.762	0.402576	-112.5	-111.4
1813	200   	-111.762	0.402576	-112.5	-111.4
1814	200   	-111.757	0.400821	-112.5	-111.4
1815	200   	-111.757	0.400821	-112.5	-111.4
1816	200   	-111.757	0.400821	-112.5	-111.4
1817	200   	-111.757	0.400821	-112.5	-111.4
1818	200   	-111.757	0.400821	-112.5	-111.4
1819	200   	-111.757	0.400821	-112.5	-111.4
1820	200   	-111.752	0.399745	-112.5	-111.4
1821	200   	-111.752	0.399745	-112.5	-111.4
1822	200   	-111.752	0.399745	-112.5	-111.4
1823	200   	-111.752	0.399745	-112.5	-111.4
1824	200   	-111.752	0.399745	-112.5	-111.4
1825	200   	-111.752	0.399745	-112.5	-111.4
1826	200   	-111.752	0.399745	-112.5	-111.4
1827	200   	-111.749	0.400124	-112.5	-111.4
1828	200   	-111.747	0.396973	-112.5	-111.4
1829	200   	-111.744	0.397313	-112.5	-111.4
1830	200   	-111.744	0.397313	-112.5	-111.4
1831	200   	-111.744	0.397313	-112.5	-111.4
1832	200   	-111.744	0.397313	-112.5	-111.4
1833	200   	-111.744	0.397313	-112.5	-111.4
1834	200   	-111.744	0.397313	-112.5	-111.4
1835	200   	-111.744	0.397313	-112.5	-111.4
1836	200   	-111.744	0.397313	-112.5	-111.4
1837	200   	-111.744	0.397313	-112.5	-111.4
1838	200   	-111.744	0.397313	-112.5	-111.4
1839	200   	-111.744	0.397313	-112.5	-111.4
1840	200   	-111.741	0.394105	-112.5	-111.4
1841	200   	-111.741	0.394105	-112.5	-111.4
1842	200   	-111.741	0.394105	-112.5	-111.4
1843	200   	-111.741	0.394105	-112.5	-111.4
1844	200   	-111.741	0.394105	-112.5	-111.4
1845	200   	-111.741	0.394105	-112.5	-111.4
1846	200   	-111.741	0.394105	-112.5	-111.4
1847	200   	-111.741	0.394105	-112.5	-111.4
1848	200   	-111.741	0.394105	-112.5	-111.4
1849	200   	-111.741	0.394105	-112.5	-111.4
1850	200   	-111.741	0.394105	-112.5	-111.4
1851	200   	-111.741	0.394105	-112.5	-111.4
1852	200   	-111.738	0.394406	-112.5	-111.4
1853	200   	-111.738	0.394406	-112.5	-111.4
1854	200   	-111.738	0.394406	-112.5	-111.4
1855	200   	-111.735	0.394683	-112.5	-111.4
1856	200   	-111.735	0.394683	-112.5	-111.4
1857	200   	-111.735	0.394683	-112.5	-111.4
1858	200   	-111.735	0.394683	-112.5	-111.4
1859	200   	-111.735	0.394683	-112.5	-111.4
1860	200   	-111.735	0.394683	-112.5	-111.4
1861	200   	-111.735	0.394683	-112.5	-111.4
1862	200   	-111.735	0.394683	-112.5	-111.4
1863	200   	-111.735	0.394683	-112.5	-111.4
1864	200   	-111.735	0.394683	-112.5	-111.4
1865	200   	-111.735	0.394683	-112.5	-111.4
1866	200   	-111.735	0.394683	-112.5	-111.4
1867	200   	-111.735	0.394683	-112.5	-111.4
1868	200   	-111.735	0.394683	-112.5	-111.4
1869	200   	-111.735	0.394683	-112.5	-111.4
1870	200   	-111.735	0.394683	-112.5	-111.4
1871	200   	-111.735	0.394683	-112.5	-111.4
1872	200   	-111.735	0.394683	-112.5	-111.4
1873	200   	-111.732	0.394938	-112.5	-111.4
1874	200   	-111.732	0.394938	-112.5	-111.4
1875	200   	-111.732	0.394938	-112.5	-111.4
1876	200   	-111.732	0.394938	-112.5	-111.4
1877	200   	-111.732	0.394938	-112.5	-111.4
1878	200   	-111.732	0.394938	-112.5	-111.4
1879	200   	-111.732	0.394938	-112.5	-111.4
1880	200   	-111.732	0.394938	-112.5	-111.4
1881	200   	-111.73 	0.391637	-112.5	-111.4
1882	200   	-111.73 	0.391637	-112.5	-111.4
1883	200   	-111.73 	0.391637	-112.5	-111.4
1884	200   	-111.73 	0.391637	-112.5	-111.4
1885	200   	-111.73 	0.391637	-112.5	-111.4
1886	200   	-111.73 	0.391637	-112.5	-111.4
1887	200   	-111.73 	0.391637	-112.5	-111.4
1888	200   	-111.724	0.388489	-112.5	-111.4
1889	200   	-111.724	0.388489	-112.5	-111.4
1890	200   	-111.721	0.388663	-112.5	-111.4
1891	200   	-111.721	0.388663	-112.5	-111.4
1892	200   	-111.721	0.388663	-112.5	-111.4
1893	200   	-111.721	0.388663	-112.5	-111.4
1894	200   	-111.721	0.388663	-112.5	-111.4
1895	200   	-111.721	0.388663	-112.5	-111.4
1896	200   	-111.721	0.388663	-112.5	-111.4
1897	200   	-111.718	0.388814	-112.5	-111.4
1898	200   	-111.713	0.385479	-112.5	-111.4
1899	200   	-111.713	0.385479	-112.5	-111.4
1900	200   	-111.713	0.385479	-112.5	-111.4
1901	200   	-111.713	0.385479	-112.5	-111.4
1902	200   	-111.713	0.385479	-112.5	-111.4
1903	200   	-111.713	0.385479	-112.5	-111.4
1904	200   	-111.713	0.385479	-112.5	-111.4
1905	200   	-111.713	0.385479	-112.5	-111.4
1906	200   	-111.713	0.385479	-112.5	-111.4
1907	200   	-111.713	0.385479	-112.5	-111.4
1908	200   	-111.712	0.38504 	-112.5	-111.4
1909	200   	-111.712	0.38504 	-112.5	-111.4
1910	200   	-111.707	0.377956	-112.5	-111.4
1911	200   	-111.707	0.377956	-112.5	-111.4
1912	200   	-111.707	0.377956	-112.5	-111.4
1913	200   	-111.707	0.377956	-112.5	-111.4
1914	200   	-111.702	0.374363	-112.5	-111.4
1915	200   	-111.702	0.374363	-112.5	-111.4
1916	200   	-111.702	0.374363	-112.5	-111.4
1917	200   	-111.702	0.374363	-112.5	-111.4
1918	200   	-111.702	0.374363	-112.5	-111.4
1919	200   	-111.702	0.374363	-112.5	-111.4
1920	200   	-111.699	0.370335	-112.5	-111.4
1921	200   	-111.695	0.37031 	-112.5	-111.4
1922	200   	-111.692	0.370262	-112.5	-111.4
1923	200   	-111.69 	0.370189	-112.5	-111.4
1924	200   	-111.69 	0.370189	-112.5	-111.4
1925	200   	-111.69 	0.370189	-112.5	-111.4
1926	200   	-111.69 	0.370189	-112.5	-111.4
1927	200   	-111.69 	0.370189	-112.5	-111.4
1928	200   	-111.69 	0.370189	-112.5	-111.4
1929	200   	-111.69 	0.370189	-112.5	-111.4
1930	200   	-111.69 	0.370189	-112.5	-111.4
1931	200   	-111.69 	0.370189	-112.5	-111.4
1932	200   	-111.69 	0.370189	-112.5	-111.4
1933	200   	-111.688	0.367415	-112.5	-111.4
1934	200   	-111.688	0.367415	-112.5	-111.4
1935	200   	-111.685	0.367301	-112.5	-111.4
1936	200   	-111.685	0.367301	-112.5	-111.4
1937	200   	-111.685	0.367301	-112.5	-111.4
1938	200   	-111.685	0.367301	-112.5	-111.4
1939	200   	-111.685	0.367301	-112.5	-111.4
1940	200   	-111.682	0.367162	-112.5	-111.4
1941	200   	-111.682	0.367162	-112.5	-111.4
1942	200   	-111.682	0.367162	-112.5	-111.4
1943	200   	-111.675	0.36681 	-112.5	-111.4
1944	200   	-111.675	0.36681 	-112.5	-111.4
1945	200   	-111.675	0.36681 	-112.5	-111.4
1946	200   	-111.675	0.36681 	-112.5	-111.4
1947	200   	-111.675	0.36681 	-112.5	-111.4
1948	200   	-111.675	0.36681 	-112.5	-111.4
1949	200   	-111.675	0.36681 	-112.5	-111.4
1950	200   	-111.675	0.36681 	-112.5	-111.4
1951	200   	-111.675	0.36681 	-112.5	-111.4
1952	200   	-111.675	0.36681 	-112.5	-111.4
1953	200   	-111.675	0.36681 	-112.5	-111.4
1954	200   	-111.672	0.366598	-112.5	-111.4
1955	200   	-111.672	0.366598	-112.5	-111.4
1956	200   	-111.672	0.366598	-112.5	-111.4
1957	200   	-111.672	0.366598	-112.5	-111.4
1958	200   	-111.672	0.366598	-112.5	-111.4
1959	200   	-111.672	0.366598	-112.5	-111.4
1960	200   	-111.672	0.366598	-112.5	-111.4
1961	200   	-111.672	0.366598	-112.5	-111.4
1962	200   	-111.672	0.366598	-112.5	-111.4
1963	200   	-111.672	0.366598	-112.5	-111.4
1964	200   	-111.672	0.366082	-112.5	-111.4
1965	200   	-111.67 	0.364115	-112.5	-111.4
1966	200   	-111.67 	0.364115	-112.5	-111.4
1967	200   	-111.67 	0.364115	-112.5	-111.4
1968	200   	-111.67 	0.364115	-112.5	-111.4
1969	200   	-111.67 	0.364115	-112.5	-111.4
1970	200   	-111.67 	0.364115	-112.5	-111.4
1971	200   	-111.67 	0.364115	-112.5	-111.4
1972	200   	-111.67 	0.364115	-112.5	-111.4
1973	200   	-111.67 	0.364115	-112.5	-111.4
1974	200   	-111.67 	0.364115	-112.5	-111.4
1975	200   	-111.67 	0.364115	-112.5	-111.4
1976	200   	-111.67 	0.364115	-112.5	-111.4
1977	200   	-111.67 	0.364115	-112.5	-111.4
1978	200   	-111.67 	0.364115	-112.5	-111.4
1979	200   	-111.67 	0.364115	-112.5	-111.4
1980	200   	-111.67 	0.364115	-112.5	-111.4
1981	200   	-111.67 	0.364115	-112.5	-111.4
1982	200   	-111.67 	0.364115	-112.5	-111.4
1983	200   	-111.67 	0.364115	-112.5	-111.4
1984	200   	-111.67 	0.364115	-112.5	-111.4
1985	200   	-111.67 	0.364115	-112.5	-111.4
1986	200   	-111.67 	0.364115	-112.5	-111.4
1987	200   	-111.67 	0.364115	-112.5	-111.4
1988	200   	-111.67 	0.364115	-112.5	-111.4
1989	200   	-111.67 	0.364115	-112.5	-111.4
1990	200   	-111.67 	0.364115	-112.5	-111.4
1991	200   	-111.67 	0.364115	-112.5	-111.4
1992	200   	-111.668	0.36386 	-112.5	-111.4
1993	200   	-111.668	0.36386 	-112.5	-111.4
1994	200   	-111.668	0.36386 	-112.5	-111.4
1995	200   	-111.668	0.36386 	-112.5	-111.4
1996	200   	-111.668	0.36386 	-112.5	-111.4
1997	200   	-111.668	0.36386 	-112.5	-111.4
1998	200   	-111.668	0.36386 	-112.5	-111.4
1999	200   	-111.668	0.36386 	-112.5	-111.4
2000	200   	-111.668	0.36386 	-112.5	-111.4